ID,Date,Gender,Age,Product Category,Quantity,Price per Unit,Total Amount
0,2023-11-24,Male,34.0,Beauty,5,50,250
1,2023-02-27,Female,26.0,Clothing,2,500,1000
2,2023-01-13,Male,50.0,Electronics,1,30,30
3,2023-05-21,Male,37.0,Clothing,1,500,500
4,2023-05-06,Male,-30.0,Beauty,2,50,100
5,2023-04-25,Female,45.0,Beauty,1,30,30
6,2023-03-13,Male,46.0,Clothing,2,25,50
7,2023-02-22,Male,30.0,Electronics,3,25,75
8,2023-12-13,Male,63.0,Electronics,3,300,900
9,2023-10-07,Female,52.0,Clothing,4,50,200
10,2023-02-14,Male,23.0,Clothing,1,50,50
11,2023-10-30,Male,35.0,Beauty,3,25,75
12,2023-08-05,Male,22.0,Electronics,3,500,1500
13,2023-01-17,Male,64.0,Clothing,4,30,120
14,2023-01-16,Female,42.0,Electronics,4,500,2000
15,2023-02-17,Male,19.0,Clothing,2,500,1000
16,2023-04-22,Female,27.0,Clothing,4,25,100
17,2023-04-30,Female,47.0,Electronics,2,25,50
18,2023-09-16,Female,62.0,Clothing,2,25,50
19,2023-11-05,Male,22.0,Clothing,4,300,1200
20,2023-01-14,Female,50.0,Beauty,1,500,500
21,2023-10-15,Male,18.0,Clothing,2,50,100
22,2023-04-12,Female,35.0,Clothing,4,30,120
23,2023-11-29,Female,49.0,Clothing,3,300,900
24,2023-12-26,Female,64.0,Beauty,3,50,150
25,2023-10-07,Female,28.0,Electronics,2,500,1000
26,2023-08-03,Female,38.0,Beauty,2,25,50
27,2023-04-23,Female,43.0,Beauty,1,500,500
28,2023-08-18,Female,42.0,Electronics,1,30,30
29,2023-10-29,Female,39.0,Beauty,3,300,900
30,2023-05-23,Male,44.0,Electronics,4,300,1200
31,2023-01-04,Male,30.0,Beauty,3,30,90
32,2023-03-23,Female,50.0,Electronics,2,50,100
33,2023-12-24,Female,51.0,Clothing,5,50,250
34,2023-08-05,Female,58.0,,3,300,900
35,2023-06-24,Male,52.0,Beauty,3,300,900
36,2023-05-23,Female,18.0,Beauty,3,25,75
37,2023-03-21,Male,38.0,Beauty,4,50,200
38,2023-04-21,Male,23.0,Clothing,4,30,120
39,2023-06-22,Male,45.0,Beauty,1,50,50
40,2023-02-22,Male,34.0,Clothing,1,25,25
41,2023-02-17,Male,22.0,Clothing,3,300,900
42,2023-07-14,Female,48.0,Clothing,1,300,300
43,2023-02-19,Female,22.0,Clothing,1,25,25
44,2023-07-03,Female,55.0,Electronics,1,30,30
45,2023-06-26,Female,20.0,Electronics,4,300,1200
46,2023-11-06,Female,40.0,Beauty,4,500,2000
47,2023-05-16,Male,54.0,Electronics,3,300,900
48,2023-01-23,Female,54.0,Electronics,2,500,1000
49,2023-08-24,Female,27.0,Beauty,3,25,75
50,2023-10-02,Male,27.0,Beauty,3,25,75
51,2023-03-05,Female,36.0,Beauty,1,300,300
52,2023-07-13,Male,34.0,Electronics,2,50,100
53,2023-02-10,Female,38.0,Electronics,2,500,1000
54,2023-10-10,Male,-31.0,Beauty,4,30,120
55,2025-01-01,Female,26.0,Clothing,3,300,900
56,2023-11-18,,63.0,Beauty,2,30,60
57,2023-11-13,Male,18.0,Clothing,5,300,1500
58,2023-07-05,Male,62.0,Clothing,1,50,50
59,2023-10-23,Male,30.0,Beauty,3,50,150
60,2023-04-09,Male,21.0,Beauty,4,50,200
61,2023-12-27,Male,18.0,Beauty,3,50,150
62,2023-02-05,Male,57.0,Electronics,1,25,25
63,2023-01-24,Male,49.0,Clothing,4,25,100
64,2023-12-05,Unknown,51.0,Electronics,5,500,2500
65,2023-04-27,,45.0,Electronics,1,30,30
66,2023-05-29,Female,48.0,Beauty,4,300,1200
67,2023-02-10,Male,25.0,Electronics,1,300,300
68,2023-04-30,Female,56.0,Beauty,3,25,75
69,2023-02-21,Female,43.0,Clothing,1,300,300
70,2023-07-14,Female,,Beauty,4,25,100
71,2023-05-23,Female,20.0,Electronics,4,500,2000
72,2023-08-21,Male,29.0,Electronics,3,30,90
73,2023-11-22,Female,18.0,Beauty,5,500,2500
74,2023-07-06,Male,61.0,Beauty,4,50,200
75,2023-03-25,Female,22.0,Electronics,2,50,100
76,2023-07-09,Female,47.0,Clothing,2,50,100
77,2023-07-01,Female,47.0,Clothing,3,500,1500
78,2023-04-18,Male,34.0,Beauty,1,300,300
79,2023-12-10,Female,64.0,Clothing,4,30,120
80,2023-05-17,Male,40.0,Electronics,1,50,50
81,2023-12-26,Female,32.0,Beauty,6,50,300
82,2023-12-16,Male,54.0,Electronics,4,50,200
83,2023-11-28,Female,38.0,Electronics,5,30,150
84,2023-02-06,Male,31.0,Clothing,3,50,150
85,2023-11-08,Male,19.0,Beauty,5,30,150
86,2023-11-22,Female,28.0,Beauty,4,50,200
87,2023-03-29,Male,56.0,Clothing,1,500,500
88,2023-10-01,Female,55.0,Electronics,4,500,2000
89,2023-05-06,Female,51.0,Electronics,1,30,30
90,2023-03-25,Female,55.0,Electronics,1,500,500
91,2023-08-25,Female,51.0,Electronics,4,30,120
92,2023-07-14,Female,35.0,Beauty,4,500,2000
93,2023-05-19,Female,47.0,Beauty,2,500,1000
94,2023-11-24,Female,32.0,Clothing,4,30,120
95,2023-12-19,Female,44.0,Clothing,3,300,900
96,2023-10-13,Female,-51.0,Beauty,2,500,1000
97,2023-04-23,Female,55.0,Beauty,2,50,100
98,2023-12-17,Female,50.0,Electronics,6,300,1800
99,2023-06-16,Male,41.0,Electronics,1,30,30
100,2023-01-29,Male,32.0,Clothing,2,300,600
101,2023-04-28,Female,47.0,Beauty,2,25,50
102,2023-01-17,Female,59.0,Clothing,1,25,25
103,2023-06-11,Female,34.0,Beauty,2,500,1000
104,2023-07-25,Female,22.0,Electronics,1,500,500
105,2023-05-18,Female,46.0,Clothing,1,50,50
106,2023-02-03,Female,21.0,Clothing,3,300,900
107,2023-04-19,Female,27.0,Beauty,3,25,75
108,2023-10-18,Female,34.0,Electronics,4,500,2000
109,2023-06-11,Male,,Clothing,3,300,900
110,2023-04-19,Female,34.0,Electronics,3,500,1500
111,2023-12-02,Male,37.0,Clothing,5,500,2500
112,2023-09-13,Female,41.0,Electronics,2,25,50
113,2023-07-22,Female,22.0,Beauty,4,25,100
114,2023-11-26,Male,51.0,Clothing,5,500,2500
115,2023-08-23,Female,23.0,Clothing,1,30,30
116,2023-03-15,Male,19.0,,2,500,1000
117,2023-05-16,Female,30.0,Electronics,4,500,2000
118,2023-03-13,Female,60.0,Clothing,3,50,150
119,2023-05-07,Male,60.0,Beauty,1,50,50
120,2023-10-15,Female,28.0,Electronics,4,50,200
121,2023-10-03,Male,64.0,Electronics,4,30,120
122,2023-05-15,Female,40.0,Electronics,2,30,60
123,2023-10-27,Male,-33.0,Clothing,4,500,2000
124,2023-08-08,Male,48.0,Clothing,2,50,100
125,2023-10-26,Female,28.0,Clothing,3,30,90
126,2023-07-24,Female,33.0,Clothing,2,25,50
127,2023-07-05,Male,25.0,Beauty,1,500,500
128,2023-04-23,,21.0,Beauty,2,300,600
129,2023-03-12,Female,57.0,Clothing,1,500,500
130,2023-09-18,Female,21.0,,2,300,600
131,2023-09-10,Male,42.0,Electronics,4,50,200
132,2023-02-16,Male,20.0,Electronics,2,300,600
133,2023-01-25,Male,49.0,Electronics,1,50,50
134,2023-02-26,Male,20.0,Clothing,1,25,25
135,2023-03-20,Male,44.0,Electronics,2,300,600
136,2023-11-18,Male,46.0,Beauty,3,500,1500
137,2023-03-23,Male,49.0,Clothing,4,50,200
138,2025-01-01,Male,36.0,Beauty,5,500,2500
139,2023-08-05,Male,38.0,Electronics,1,30,30
140,2023-11-02,Female,22.0,Electronics,3,50,150
141,2023-02-02,Male,-35.0,Electronics,4,300,1200
142,2023-07-17,Female,45.0,Clothing,1,50,50
143,2023-07-15,Female,59.0,Beauty,3,500,1500
144,2023-11-02,Female,39.0,Clothing,4,25,100
145,2023-08-28,Male,38.0,Clothing,4,50,200
146,2023-09-28,Male,23.0,Electronics,1,300,300
147,2023-05-09,Male,18.0,Clothing,2,30,60
148,2023-10-11,Male,22.0,Clothing,3,25,75
149,2023-01-06,Female,58.0,Electronics,4,30,120
150,2023-12-15,Male,29.0,Clothing,2,50,100
151,2023-02-28,Male,43.0,Electronics,3,500,1500
152,2023-12-16,Male,63.0,Electronics,3,500,1500
153,2023-10-02,Male,51.0,Electronics,3,300,900
154,2023-05-17,Male,31.0,Electronics,4,500,2000
155,2023-11-25,Female,43.0,Clothing,6,25,150
156,2023-06-24,Male,62.0,Electronics,4,500,2000
157,2023-02-27,Female,44.0,Electronics,1,300,300
158,2023-05-31,Male,26.0,Clothing,4,50,200
159,2023-08-11,Female,43.0,,2,50,100
160,2023-03-22,Male,64.0,Beauty,2,500,1000
161,2023-08-21,Male,39.0,Clothing,2,30,60
162,2023-01-02,Female,64.0,Clothing,3,50,150
163,2023-05-15,Female,47.0,Beauty,3,500,1500
164,2023-09-14,Female,60.0,Clothing,4,300,1200
165,2023-04-02,Male,34.0,Clothing,4,500,2000
166,2023-09-17,Female,43.0,Clothing,3,50,150
167,2023-02-24,Male,53.0,Clothing,1,300,300
168,2023-11-17,Male,18.0,Beauty,4,500,2000
169,2023-06-02,Female,25.0,Clothing,2,25,50
170,2023-11-24,Female,52.0,Clothing,4,300,1200
171,2023-09-17,Male,32.0,Beauty,2,25,50
172,2023-11-08,Male,64.0,Electronics,6,30,180
173,2023-04-12,Female,39.0,Beauty,1,300,300
174,2023-03-20,Female,31.0,Electronics,4,25,100
175,2023-07-11,Female,43.0,Beauty,2,50,100
176,2023-03-24,Male,45.0,Beauty,2,50,100
177,2023-10-04,Male,40.0,Clothing,2,30,60
178,2023-09-29,Male,31.0,Electronics,1,300,300
179,2023-01-01,Male,41.0,Clothing,3,300,900
180,2023-11-03,Male,19.0,Electronics,5,300,1500
181,2023-06-15,Male,62.0,Beauty,4,30,120
182,2025-01-01,Female,43.0,Beauty,3,300,900
183,2023-01-10,Male,31.0,Electronics,4,50,200
184,2023-02-27,Male,24.0,Clothing,1,25,25
185,2023-07-05,Male,20.0,Clothing,4,50,200
186,2023-06-07,Female,64.0,Clothing,2,50,100
187,2023-05-03,Male,40.0,Clothing,3,25,75
188,2023-01-30,Male,63.0,Beauty,1,50,50
189,2025-01-01,Female,60.0,Beauty,3,30,90
190,2023-10-18,Male,64.0,Beauty,1,25,25
191,2023-02-10,Male,62.0,Beauty,2,50,100
192,2023-02-13,Male,35.0,Beauty,3,500,1500
193,2023-09-06,Male,55.0,Clothing,4,50,200
194,2023-02-05,Male,52.0,Clothing,1,30,30
195,2023-09-30,Female,32.0,Clothing,3,300,900
196,2023-03-06,Female,42.0,Clothing,4,50,200
197,2023-03-07,Female,54.0,Beauty,3,300,900
198,2023-12-04,Male,45.0,Beauty,4,500,2000
199,2023-09-01,Male,27.0,Beauty,3,50,150
200,2023-10-09,Male,56.0,Electronics,1,25,25
201,2023-03-26,Female,34.0,Clothing,4,300,1200
202,2023-05-16,Male,56.0,Clothing,2,500,1000
203,2023-09-28,Male,39.0,Beauty,1,25,25
204,2023-11-07,Female,43.0,Clothing,2,25,50
205,2023-08-05,Male,61.0,Clothing,1,25,25
206,2023-04-19,Female,42.0,Beauty,2,25,50
207,2023-10-04,Female,34.0,Electronics,4,50,200
208,2023-12-20,Female,30.0,Electronics,6,50,300
209,2023-04-13,Male,37.0,Electronics,4,50,200
210,2024-01-01,Male,42.0,Beauty,3,500,1500
211,2023-06-09,Male,21.0,Clothing,3,500,1500
212,2023-07-24,Male,27.0,Beauty,3,500,1500
213,2023-12-10,Male,20.0,Beauty,3,30,90
214,2023-11-29,Male,58.0,Clothing,4,500,2000
215,2023-07-11,Male,62.0,Electronics,2,50,100
216,2023-08-13,Female,35.0,Electronics,4,50,200
217,2023-09-22,Male,64.0,Beauty,3,30,90
218,2023-08-20,Female,53.0,Electronics,3,30,90
219,2023-03-03,Male,64.0,Beauty,1,500,500
220,2023-05-07,Male,39.0,Beauty,2,300,600
221,2023-04-26,Male,51.0,Clothing,4,30,120
222,2023-02-02,Female,64.0,Clothing,1,25,25
223,2023-06-23,Unknown,25.0,Clothing,1,50,50
224,2023-01-11,Female,57.0,Beauty,4,25,100
225,2023-10-29,Female,61.0,Clothing,1,50,50
226,2023-10-11,Male,36.0,Electronics,2,50,100
227,2023-04-28,Female,59.0,Electronics,2,30,60
228,2023-10-29,Male,58.0,Beauty,3,30,90
229,2023-04-23,Male,54.0,Beauty,1,25,109
230,2023-01-04,Female,23.0,Clothing,3,50,150
231,2023-02-06,Female,43.0,Beauty,1,25,25
232,2023-12-29,Female,51.0,Beauty,4,300,1200
233,2023-11-20,Female,62.0,Electronics,4,25,100
234,2023-01-31,Female,23.0,Electronics,2,500,1052
235,2023-04-28,Female,54.0,Clothing,1,25,25
236,2023-02-04,Female,50.0,Beauty,1,500,500
237,2023-01-17,Female,39.0,Beauty,1,500,500
238,2023-06-19,Male,38.0,Electronics,3,500,1500
239,2023-02-06,Female,23.0,Beauty,1,300,300
240,2023-09-21,Female,23.0,Electronics,3,25,75
241,2023-05-02,Male,21.0,Clothing,1,25,25
242,2023-05-23,Female,47.0,Electronics,3,300,900
243,2023-12-09,Male,28.0,Beauty,4,50,200
244,2023-09-06,Male,47.0,Clothing,3,30,90
245,2023-04-20,Female,48.0,Electronics,2,25,50
246,2023-10-04,Male,41.0,Electronics,2,30,60
247,2023-03-09,Male,26.0,Clothing,3,300,900
248,2023-10-20,Male,20.0,Clothing,1,50,50
249,2023-10-23,Male,48.0,Electronics,1,50,50
250,2023-08-31,Female,57.0,Beauty,4,50,200
251,2023-05-05,Male,54.0,Electronics,1,300,300
252,2023-08-31,Female,53.0,Clothing,4,500,2000
253,2023-07-28,Male,41.0,Electronics,1,500,500
254,2023-04-08,Male,48.0,Clothing,1,30,30
255,2023-02-18,Male,23.0,Clothing,1,500,500
256,2023-02-19,Male,19.0,Beauty,3,500,1500
257,2023-12-04,Female,37.0,Clothing,3,50,150
258,2023-08-09,Female,45.0,Clothing,4,50,200
259,2023-07-01,Male,28.0,Beauty,2,30,60
260,2023-08-05,Male,21.0,Clothing,2,25,50
261,2023-07-30,Female,32.0,Beauty,4,30,120
262,2023-08-28,Male,23.0,Beauty,2,30,60
263,2023-01-28,Male,47.0,Clothing,3,300,900
264,2023-12-11,Male,55.0,Clothing,4,300,1200
265,2023-12-01,Female,19.0,Electronics,3,30,90
266,2023-11-27,Female,32.0,Beauty,4,30,120
267,2023-02-20,Female,28.0,Electronics,1,30,30
268,2023-02-01,Male,25.0,Clothing,3,500,1500
269,2023-07-26,Male,43.0,Electronics,1,300,300
270,2023-06-23,Female,62.0,Beauty,4,30,120
271,2023-02-25,Female,61.0,Electronics,1,50,50
272,2023-05-08,Female,22.0,Beauty,1,50,50
273,2023-04-09,Female,23.0,Clothing,2,500,1000
274,2023-04-08,Male,43.0,Clothing,2,500,1000
275,2023-10-02,,21.0,Beauty,4,25,100
276,2023-08-18,Male,36.0,Clothing,4,25,100
277,2023-03-13,Female,37.0,Clothing,4,25,100
278,2023-08-05,Male,50.0,Clothing,1,500,500
279,2023-04-04,Female,37.0,Clothing,3,500,1500
280,2023-05-23,Female,29.0,Beauty,4,500,2000
281,2023-08-25,Female,64.0,Electronics,4,50,200
282,2023-05-08,Female,18.0,Electronics,1,500,500
283,2023-02-08,Male,43.0,Clothing,3,50,150
284,2023-08-15,Female,31.0,Electronics,1,25,25
285,2023-10-09,Male,55.0,Electronics,2,25,50
286,2023-02-20,Male,54.0,Clothing,4,25,100
287,2023-01-26,Male,28.0,Clothing,4,30,156
288,2023-11-30,Male,53.0,Electronics,4,30,120
289,2023-10-04,Female,30.0,Beauty,2,300,600
290,2023-01-08,Male,60.0,Clothing,2,300,600
291,2023-02-17,Male,20.0,Beauty,4,300,1200
292,2023-05-02,Male,50.0,Electronics,3,30,90
293,2023-03-27,Female,23.0,Clothing,3,30,90
294,2023-07-28,Female,27.0,Beauty,3,300,900
295,2023-09-06,Female,22.0,Clothing,4,300,1200
296,2023-09-04,Female,40.0,Electronics,2,500,1000
297,2023-04-20,Male,27.0,,4,300,1200
298,2023-07-25,Male,61.0,Electronics,2,500,1000
299,2023-01-31,Female,19.0,Electronics,4,50,200
300,2023-03-26,Male,30.0,Clothing,4,30,120
301,2023-07-14,Male,57.0,Beauty,2,300,600
302,2023-01-02,Male,19.0,Electronics,3,30,157
303,2023-07-19,Unknown,37.0,Electronics,2,30,60
304,2023-05-16,Unknown,18.0,Beauty,1,30,30
305,2023-08-21,Male,54.0,Electronics,1,50,50
306,2023-05-27,Female,26.0,Electronics,2,25,50
307,2023-08-05,Female,34.0,Beauty,4,300,1200
308,2023-12-23,Female,26.0,Beauty,2,25,50
309,2023-10-12,Female,28.0,Beauty,1,25,25
310,2023-12-05,Female,32.0,Beauty,5,25,125
311,2023-09-07,Male,41.0,Clothing,4,30,120
312,2023-03-21,Female,55.0,Beauty,3,500,1500
313,2023-04-08,Male,52.0,Clothing,4,30,120
314,2025-01-01,Male,47.0,Clothing,2,30,60
315,2023-04-22,Female,48.0,Clothing,2,25,50
316,2023-01-30,Male,22.0,Electronics,3,30,90
317,2023-10-24,Male,61.0,Clothing,1,25,25
318,2023-10-05,Male,31.0,Clothing,1,500,500
319,2023-02-01,Female,28.0,Electronics,3,300,900
320,2023-06-10,Female,26.0,Electronics,2,25,50
321,2023-01-30,Male,51.0,Electronics,1,500,500
322,2023-01-26,Female,29.0,Beauty,3,300,900
323,2023-10-27,Female,52.0,Electronics,3,50,150
324,2023-09-02,Female,52.0,,2,25,50
325,2023-09-15,Female,18.0,Clothing,3,25,75
326,2023-09-29,Male,57.0,Electronics,3,50,150
327,2023-03-22,Male,39.0,Beauty,2,50,100
328,2023-01-30,Female,46.0,Electronics,4,25,100
329,2023-09-18,Female,25.0,Beauty,4,50,200
330,2023-02-11,Male,28.0,Electronics,2,30,60
331,2023-04-06,Male,58.0,Electronics,4,300,1200
332,2023-02-05,Female,54.0,Electronics,4,300,1200
333,2023-11-01,Male,31.0,Electronics,5,300,1500
334,2023-02-04,Female,47.0,Beauty,3,30,90
335,2023-12-12,Female,52.0,Beauty,4,50,200
336,2023-05-01,Male,38.0,Clothing,1,500,500
337,2023-07-26,Male,54.0,Beauty,2,50,100
338,2023-03-03,Female,22.0,Electronics,2,25,50
339,2023-10-19,Female,36.0,Clothing,4,300,1200
340,2023-05-07,Male,31.0,Clothing,4,50,200
341,2023-10-24,Female,43.0,Clothing,4,500,2000
342,2023-11-01,Male,21.0,Electronics,3,25,75
343,2023-01-21,Female,42.0,Beauty,1,30,30
344,2023-11-14,Male,62.0,Electronics,3,30,90
345,2023-02-11,Male,59.0,Clothing,1,500,500
346,2023-08-03,Male,42.0,Electronics,1,25,25
347,2023-12-03,Female,35.0,Electronics,3,300,900
348,2023-10-26,Female,57.0,Beauty,1,50,50
349,2023-10-17,Male,25.0,Beauty,3,25,75
350,2023-09-25,Female,56.0,Clothing,3,30,90
351,2023-06-11,Male,57.0,Electronics,2,500,1000
352,2023-05-14,Male,31.0,Electronics,1,500,500
353,2023-04-15,,49.0,Beauty,4,50,200
354,2023-12-09,Female,55.0,Electronics,3,500,1500
355,2023-06-10,Male,50.0,Electronics,3,500,1500
356,2023-05-03,Female,40.0,Electronics,3,25,75
357,2023-05-16,Unknown,32.0,Beauty,1,300,300
358,2023-07-22,Male,50.0,Clothing,1,50,50
359,2023-03-09,Male,42.0,Clothing,4,25,100
360,2023-12-10,Female,34.0,Electronics,5,300,1500
361,2023-11-27,Male,50.0,Clothing,3,25,75
362,2023-06-03,Male,64.0,Beauty,1,25,25
363,2023-08-23,Female,19.0,Beauty,1,500,500
364,2023-06-11,Male,31.0,Clothing,1,300,300
365,2023-02-07,Male,57.0,Clothing,2,50,100
366,2023-01-05,Female,57.0,Electronics,1,50,50
367,2023-08-23,Female,56.0,Clothing,4,300,1200
368,2023-11-15,Male,23.0,Electronics,4,500,2000
369,2023-10-16,Male,23.0,Electronics,2,30,104
370,2023-02-21,Female,20.0,Beauty,1,25,25
371,2023-02-07,Female,24.0,Beauty,3,500,1500
372,2023-10-03,Female,25.0,Beauty,2,300,600
373,2023-04-20,Female,59.0,Beauty,3,25,75
374,2023-09-17,,32.0,Clothing,1,50,50
375,2023-05-16,Female,64.0,Beauty,1,30,30
376,2023-03-09,Female,46.0,Clothing,4,50,200
377,2023-06-28,Male,50.0,Beauty,1,300,300
378,2023-02-05,Female,47.0,Clothing,1,25,25
379,2023-05-06,Male,56.0,Electronics,2,300,600
380,2023-07-09,Female,44.0,Clothing,4,25,100
381,2023-05-26,Female,53.0,Clothing,2,500,1000
382,2023-03-22,Female,46.0,Beauty,3,30,90
383,2023-08-13,Male,55.0,Clothing,1,500,500
384,2023-10-06,Male,50.0,Electronics,3,500,1500
385,2023-12-27,Female,54.0,Electronics,4,300,1200
386,2023-06-04,Male,44.0,Beauty,1,30,30
387,2023-11-10,Male,50.0,Electronics,3,25,75
388,2023-12-01,Male,21.0,Clothing,3,25,75
389,2023-09-28,Male,39.0,Electronics,2,50,100
390,2023-01-05,Male,19.0,Beauty,2,25,50
391,2023-12-08,Male,27.0,Clothing,4,300,1200
392,2023-10-11,Female,22.0,Beauty,2,500,1034
393,2023-06-03,Female,27.0,Clothing,1,500,500
394,2023-12-06,Male,50.0,Electronics,3,500,1500
395,2023-02-23,Female,55.0,Beauty,1,30,30
396,2023-03-10,Female,30.0,Beauty,1,25,25
397,2023-05-16,Female,48.0,Clothing,2,300,600
398,2023-03-01,Female,64.0,Beauty,2,30,60
399,2023-02-24,Male,53.0,Clothing,4,50,200
400,2023-10-11,Female,62.0,Clothing,1,300,300
401,2023-03-21,Female,41.0,Clothing,2,300,600
402,2023-05-20,Male,32.0,Clothing,2,300,600
403,2023-05-25,Male,46.0,Electronics,2,500,1000
404,2023-11-06,Female,25.0,Clothing,5,300,1500
405,2023-04-18,Female,22.0,Beauty,4,25,100
406,2023-06-25,Female,46.0,Electronics,3,300,900
407,2023-04-15,Female,64.0,Beauty,1,500,500
408,2023-12-18,Female,21.0,Electronics,5,300,1500
409,2023-11-21,Female,,Clothing,3,50,150
410,2023-05-16,Male,62.0,Electronics,4,50,200
411,2023-09-16,Female,19.0,Electronics,4,500,2000
412,2023-09-08,Female,44.0,Beauty,3,25,75
413,2023-05-09,Male,48.0,Beauty,4,25,100
414,2023-01-27,Male,53.0,Clothing,2,30,60
415,2023-02-17,Male,53.0,Electronics,3,500,1500
416,2023-11-21,Male,43.0,Electronics,5,300,1500
417,2023-08-05,Female,60.0,Electronics,2,500,1000
418,2023-05-22,Female,44.0,Clothing,3,30,90
419,2023-01-23,Female,22.0,Clothing,4,500,2000
420,2023-01-02,Female,37.0,Clothing,3,500,1500
421,2023-06-20,Female,28.0,Clothing,3,30,90
422,2023-03-08,Female,27.0,Clothing,1,25,25
423,2023-11-23,Unknown,57.0,Beauty,6,300,1800
424,2023-05-15,Female,55.0,Electronics,4,30,120
425,2023-03-24,Male,23.0,Electronics,3,50,150
426,2023-08-15,Male,25.0,Electronics,1,25,25
427,2023-10-10,Female,40.0,Electronics,4,50,200
428,2023-12-28,Male,64.0,Electronics,3,25,75
429,2023-08-07,Female,43.0,Electronics,3,300,900
430,2023-10-15,Male,63.0,Electronics,4,300,1200
431,2023-01-05,Female,60.0,Electronics,2,500,1000
432,2023-02-27,Male,29.0,Beauty,4,50,200
433,2023-02-08,Female,43.0,Electronics,1,25,25
434,2023-12-20,Female,30.0,Beauty,5,300,1500
435,2023-03-18,Female,57.0,Clothing,4,30,120
436,2023-10-07,Female,35.0,Electronics,4,300,1200
437,2023-01-19,Female,42.0,Clothing,1,30,30
438,2023-07-09,Male,50.0,Clothing,3,25,75
439,2023-10-26,Male,64.0,Clothing,2,300,600
440,2023-10-10,Male,57.0,Beauty,4,300,1200
441,2023-03-17,Female,60.0,Clothing,4,25,100
442,2023-08-09,Male,29.0,Clothing,2,300,600
443,2023-03-07,Female,61.0,Clothing,3,30,90
444,2023-01-22,Female,53.0,Electronics,1,300,300
445,2023-06-07,Male,21.0,Electronics,1,50,50
446,2023-07-06,Male,22.0,Beauty,4,500,2000
447,2023-01-21,Female,54.0,Beauty,2,30,60
448,2023-07-03,Male,25.0,Electronics,4,50,200
449,2023-04-18,Female,59.0,Beauty,2,25,50
450,2023-12-16,Female,45.0,Electronics,2,30,60
451,2023-05-08,Female,48.0,Clothing,3,500,1500
452,2023-12-08,Female,26.0,Clothing,4,500,2000
453,2023-02-22,Female,46.0,Beauty,1,25,25
454,2023-07-01,Male,31.0,Electronics,4,25,100
455,2023-10-14,Male,57.0,Electronics,2,30,60
456,2023-07-28,Female,58.0,Beauty,3,300,900
457,2023-11-14,Female,39.0,Electronics,5,25,125
458,2023-03-21,Male,28.0,Clothing,4,300,1200
459,2023-05-02,Male,40.0,Beauty,1,50,50
460,2023-03-25,Female,18.0,Beauty,2,500,1000
461,2023-04-01,Male,63.0,Electronics,4,300,1200
462,2023-07-31,Female,54.0,Beauty,3,500,1500
463,2023-01-13,Male,38.0,Electronics,2,300,600
464,2023-04-02,Female,43.0,Electronics,3,50,150
465,2023-06-20,Male,63.0,Electronics,4,25,100
466,2023-07-30,Female,53.0,Electronics,3,50,150
467,2023-12-09,Male,40.0,Electronics,2,25,50
468,2023-05-08,Male,18.0,Beauty,3,25,75
469,2023-05-17,Female,57.0,Clothing,2,500,1000
470,2023-03-23,Male,32.0,Clothing,3,50,150
471,2023-12-26,Female,38.0,Beauty,4,300,1200
472,2023-02-25,Male,64.0,Beauty,1,50,50
473,2023-07-15,Female,26.0,Clothing,3,500,1500
474,2023-01-20,Male,26.0,Clothing,3,25,75
475,2023-08-29,Female,27.0,,4,500,2000
476,2023-04-24,Male,43.0,Clothing,4,30,120
477,2023-04-13,Female,58.0,Clothing,2,30,60
478,2023-08-24,Male,52.0,Electronics,4,300,1200
479,2023-06-29,Female,42.0,Beauty,4,500,2000
480,2023-06-06,Female,43.0,Electronics,4,300,1200
481,2023-04-27,Female,28.0,Clothing,4,300,1200
482,2023-04-25,Male,55.0,Clothing,1,30,30
483,2023-01-13,Female,19.0,Clothing,4,300,1200
484,2023-12-04,Male,24.0,Electronics,2,30,60
485,2023-04-09,Female,35.0,Electronics,1,25,25
486,2023-07-24,Male,44.0,Clothing,4,500,2000
487,2023-06-18,Female,51.0,Electronics,3,300,900
488,2023-05-23,Male,44.0,Electronics,1,30,30
489,2023-02-05,Male,34.0,Clothing,2,50,100
490,2023-05-23,Female,60.0,Electronics,3,300,900
491,2023-06-29,Male,61.0,Beauty,4,25,100
492,2023-11-25,Male,41.0,Beauty,4,25,100
493,2023-09-18,Female,42.0,Beauty,4,50,200
494,2023-07-24,Male,24.0,Beauty,2,30,60
495,2023-12-14,Male,23.0,Clothing,3,300,900
496,2023-10-02,Male,41.0,Clothing,4,30,120
497,2025-01-01,Female,50.0,Clothing,4,25,100
498,2023-01-15,Male,46.0,Beauty,2,30,60
499,2023-03-01,Female,60.0,Beauty,4,25,100
500,2023-05-14,Male,39.0,Electronics,2,30,60
501,2023-04-02,Male,43.0,Electronics,3,50,150
502,2023-10-25,Male,45.0,Beauty,4,500,2000
503,2023-05-16,Female,38.0,Beauty,3,50,150
504,2023-01-20,Male,24.0,Beauty,1,50,50
505,2023-02-25,Male,34.0,Beauty,3,500,1500
506,2023-11-02,Female,37.0,Electronics,5,500,2500
507,2023-08-11,Male,58.0,Beauty,2,300,600
508,2023-06-26,Female,37.0,Electronics,3,300,900
509,2023-06-10,Female,39.0,Beauty,4,50,200
510,2023-08-12,Male,45.0,Beauty,2,50,100
511,2023-11-07,Female,57.0,Beauty,2,25,50
512,2023-09-19,Male,24.0,Electronics,4,25,100
513,2023-03-01,Female,18.0,Electronics,1,300,300
514,2023-07-17,Female,49.0,Clothing,3,300,900
515,2023-10-23,Male,30.0,Beauty,4,25,100
516,2023-04-08,Female,47.0,Clothing,4,25,100
517,2023-05-11,Female,40.0,Clothing,1,30,30
518,2023-01-23,Female,36.0,Electronics,4,30,120
519,2023-12-29,Female,49.0,Electronics,5,25,125
520,2023-08-12,Female,47.0,Clothing,4,30,120
521,2023-01-01,Male,46.0,Beauty,3,500,1500
522,2023-09-24,Female,62.0,Electronics,1,300,300
523,2023-10-03,Male,46.0,Beauty,4,300,1200
524,2023-12-18,Female,47.0,Beauty,4,25,100
525,2023-12-10,Male,33.0,Clothing,4,50,200
526,2023-04-11,Male,57.0,Clothing,2,25,50
527,2023-07-06,Female,36.0,Clothing,2,30,60
528,2023-08-09,Female,35.0,Clothing,3,50,150
529,2023-02-05,Female,18.0,Electronics,4,30,120
530,2023-12-07,Male,31.0,Electronics,2,500,1000
531,2023-06-19,Female,64.0,Clothing,4,30,120
532,2023-11-16,Male,19.0,Electronics,5,500,2500
533,2023-06-10,Male,45.0,Clothing,2,500,1000
534,2023-12-06,Male,47.0,Beauty,5,30,150
535,2023-03-05,Female,55.0,Beauty,4,30,120
536,2023-06-03,Female,21.0,Beauty,1,500,500
537,2023-09-17,Male,18.0,Clothing,3,50,150
538,2023-06-08,Male,25.0,Beauty,1,500,574
539,2023-12-08,Female,46.0,Electronics,5,300,1500
540,2023-07-29,Male,56.0,Beauty,1,500,500
541,2023-06-17,Female,20.0,Beauty,1,50,50
542,2023-07-26,Male,49.0,Beauty,2,300,600
543,2023-12-23,Female,27.0,Electronics,3,25,75
544,2023-06-01,Male,27.0,Clothing,2,25,50
545,2023-10-11,Female,36.0,Electronics,4,50,200
546,2023-03-07,Male,63.0,Clothing,4,500,2000
547,2023-04-09,Female,51.0,Clothing,2,30,60
548,2023-08-04,Female,50.0,Beauty,2,50,100
549,2023-12-07,Male,40.0,Clothing,5,300,1500
550,2023-07-14,Male,45.0,Electronics,3,300,900
551,2023-12-13,Female,49.0,Electronics,4,25,100
552,2023-03-31,Male,24.0,Clothing,4,300,1200
553,2023-11-12,Female,46.0,Beauty,5,50,250
554,2023-10-19,Male,25.0,Beauty,1,300,300
555,2023-06-04,Female,18.0,Electronics,1,50,50
556,2023-07-27,Female,20.0,Beauty,3,30,90
557,2023-10-08,Female,41.0,Clothing,1,25,25
558,2023-01-01,Female,40.0,Clothing,4,300,1200
559,2023-06-05,Female,25.0,Electronics,1,50,50
560,2023-05-27,Female,64.0,Clothing,4,500,2000
561,2023-04-18,Male,54.0,Electronics,2,25,50
562,2023-08-09,Male,20.0,Clothing,2,30,60
563,2023-10-24,Male,50.0,Electronics,2,50,100
564,2023-11-07,Female,45.0,Beauty,4,30,120
565,2023-12-02,Female,64.0,Clothing,3,30,90
566,2023-06-14,Female,25.0,Clothing,3,300,900
567,2023-08-27,Female,51.0,Electronics,1,300,300
568,2023-08-15,Male,52.0,Electronics,4,50,200
569,2023-08-15,Male,49.0,Clothing,1,500,500
570,2023-12-12,Female,41.0,Electronics,2,50,100
571,2023-04-20,Male,31.0,Clothing,4,500,2000
572,2023-09-19,Male,49.0,Beauty,2,30,60
573,2023-08-31,Female,63.0,Electronics,2,25,50
574,2023-03-28,Male,60.0,Clothing,2,50,100
575,2023-12-04,Female,33.0,Beauty,5,50,250
576,2023-02-13,Male,21.0,Beauty,4,500,2000
577,2023-05-26,Female,54.0,Clothing,4,30,120
578,2023-09-21,Female,38.0,Electronics,1,30,30
579,2023-12-06,Female,31.0,Clothing,5,500,2500
580,2023-11-21,Female,48.0,Beauty,3,30,90
581,2023-11-14,Male,35.0,Clothing,4,300,1200
582,2023-06-21,Female,24.0,Electronics,4,25,100
583,2023-02-17,Female,27.0,Beauty,4,50,200
584,2023-05-01,,24.0,Clothing,1,25,25
585,2023-12-11,Male,50.0,Electronics,3,50,150
586,2023-06-08,Female,40.0,Beauty,4,300,1200
587,2023-04-26,Male,38.0,Electronics,2,30,60
588,2023-04-12,Female,36.0,Beauty,2,500,1000
589,2023-03-17,Male,36.0,Clothing,3,300,900
590,2023-01-13,Male,53.0,Electronics,4,25,100
591,2023-01-24,Female,46.0,Beauty,4,500,2000
592,2023-05-06,Male,35.0,Electronics,2,30,60
593,2023-09-01,Female,19.0,Electronics,2,300,600
594,2023-11-09,Female,18.0,Clothing,6,500,3000
595,2023-02-07,Female,64.0,Electronics,1,300,300
596,2023-08-22,Male,22.0,Beauty,4,300,1200
597,2023-08-01,Male,37.0,Beauty,4,30,120
598,2023-11-19,Female,28.0,Beauty,3,50,150
599,2023-10-22,Female,,Beauty,2,500,1000
600,2023-04-10,Male,19.0,Clothing,1,30,30
601,2023-12-23,Female,20.0,Electronics,3,300,900
602,2023-07-16,Female,40.0,Clothing,3,30,90
603,2023-09-11,Female,29.0,Electronics,4,50,200
604,2023-07-24,Male,37.0,Electronics,2,500,1000
605,2023-05-05,Male,,Electronics,1,50,50
606,2023-03-17,Male,54.0,Clothing,3,25,75
607,2023-12-02,Female,55.0,Electronics,4,500,2000
608,2023-12-19,Female,47.0,Clothing,3,50,150
609,2023-01-03,Female,26.0,Beauty,2,300,600
610,2023-02-24,Male,51.0,Beauty,3,500,1500
611,2023-08-06,Female,61.0,Electronics,1,500,500
612,2023-04-23,Female,52.0,Clothing,3,30,90
613,2023-04-01,Female,39.0,Beauty,4,300,1200
614,2023-12-23,Female,61.0,Clothing,6,25,150
615,2023-09-23,Male,41.0,Clothing,2,50,100
616,2023-08-26,Male,34.0,Electronics,1,30,30
617,2023-01-26,Female,27.0,Beauty,1,50,50
618,2023-10-13,Male,47.0,Electronics,4,25,100
619,2023-05-08,Male,63.0,Electronics,3,25,75
620,2023-03-04,Female,40.0,Beauty,2,500,1000
621,2023-08-22,Female,49.0,Beauty,3,25,75
622,2023-03-10,Male,34.0,Clothing,3,50,150
623,2023-08-26,Female,34.0,Beauty,3,300,900
624,2023-12-08,Male,31.0,Clothing,3,300,900
625,2023-09-29,Female,26.0,Clothing,4,500,2000
626,2023-10-14,Male,57.0,Clothing,1,50,50
627,2023-11-01,Female,19.0,Beauty,5,50,250
628,2023-06-12,Male,62.0,Electronics,2,25,50
629,2023-08-15,Male,42.0,Clothing,2,50,100
630,2023-11-10,Male,56.0,Electronics,5,30,150
631,2023-09-16,Female,26.0,Electronics,4,25,100
632,2023-08-07,Male,39.0,Beauty,4,30,120
633,2023-10-08,Male,60.0,Electronics,4,500,2000
634,2023-08-17,Female,63.0,Electronics,3,300,900
635,2023-03-23,Female,21.0,Beauty,3,500,1500
636,2023-09-01,Male,43.0,Clothing,2,300,600
637,2023-08-19,Male,46.0,Electronics,1,500,500
638,2023-05-13,Female,62.0,Beauty,4,50,200
639,2023-05-07,Female,51.0,Electronics,4,30,120
640,2023-11-23,Female,40.0,Electronics,3,300,900
641,2023-05-22,Female,54.0,Clothing,4,25,100
642,2023-09-24,Female,28.0,Electronics,3,30,90
643,2023-09-06,Male,23.0,Beauty,3,25,75
644,2023-11-17,Female,35.0,Electronics,5,30,150
645,2023-05-03,Male,38.0,Clothing,3,30,90
646,2023-05-21,Male,59.0,Clothing,3,500,1500
647,2023-08-14,Male,53.0,Beauty,4,300,1200
648,2023-02-09,Female,58.0,Clothing,1,300,300
649,2024-01-01,Male,55.0,Electronics,1,30,30
650,2023-05-27,Male,51.0,Clothing,3,50,150
651,2023-05-01,Female,34.0,Beauty,2,50,100
652,2023-05-20,Male,54.0,Clothing,3,25,75
653,2023-06-21,Male,42.0,Clothing,3,25,75
654,2023-06-13,Female,55.0,Clothing,1,500,500
655,2023-10-04,Male,29.0,Beauty,3,30,90
656,2023-02-11,Male,40.0,Clothing,1,25,25
657,2023-03-12,Male,59.0,Clothing,1,25,25
658,2023-03-19,Female,39.0,Electronics,1,30,30
659,2023-04-29,Female,38.0,Beauty,2,500,1000
660,2023-07-16,Female,44.0,Clothing,4,25,100
661,2023-12-22,Male,48.0,Beauty,4,500,2000
662,2023-03-20,Male,23.0,Clothing,4,300,1200
663,2023-12-28,Female,44.0,Clothing,6,500,3000
664,2025-01-01,Male,57.0,Clothing,1,50,50
665,2023-02-02,Male,51.0,Electronics,2,50,100
666,2023-08-01,Female,29.0,Electronics,1,500,500
667,2023-07-28,Female,62.0,Electronics,3,50,150
668,2023-06-19,Male,24.0,Beauty,4,300,1200
669,2023-10-05,Male,27.0,Beauty,1,30,30
670,2025-01-01,Male,62.0,Electronics,3,50,150
671,2023-08-01,Female,34.0,Beauty,2,50,100
672,2023-02-01,Female,43.0,Clothing,2,500,1000
673,2023-04-16,Female,38.0,Clothing,1,300,300
674,2023-08-04,Female,45.0,Clothing,2,30,60
675,2023-07-19,Male,63.0,Electronics,3,500,1500
676,2023-10-27,Female,19.0,Beauty,3,500,1500
677,2023-12-23,Female,60.0,Electronics,5,300,1500
678,2023-01-11,Female,18.0,Beauty,3,30,90
679,2023-10-22,Female,53.0,Clothing,3,300,900
680,2023-07-14,Female,43.0,Electronics,2,30,60
681,2023-09-02,Male,46.0,Beauty,4,300,1200
682,2023-01-04,Unknown,38.0,Beauty,2,500,1000
683,2023-06-30,Female,28.0,Clothing,2,500,1000
684,2023-06-02,Male,57.0,Electronics,2,25,50
685,2023-07-19,Female,28.0,Electronics,4,50,200
686,2023-08-03,Female,53.0,Electronics,1,300,300
687,2023-10-03,Male,56.0,Clothing,4,25,100
688,2023-10-07,Male,57.0,Electronics,2,50,100
689,2023-11-05,Female,52.0,Clothing,4,300,1200
690,2023-04-23,Female,51.0,Clothing,3,30,90
691,2023-09-07,Female,64.0,Clothing,2,50,100
692,2023-04-23,Male,41.0,Beauty,3,500,1500
693,2023-05-20,Female,39.0,Electronics,2,25,50
694,2023-08-12,Female,22.0,Electronics,3,50,150
695,2023-09-06,Female,50.0,Clothing,4,50,200
696,2023-01-15,Male,53.0,Clothing,1,500,500
697,2023-07-19,Female,64.0,Electronics,1,300,300
698,2023-06-22,Female,37.0,Clothing,4,30,120
699,2023-12-09,Male,36.0,Electronics,6,500,3000
700,2023-12-14,Female,52.0,Beauty,3,30,90
701,2023-07-27,Female,60.0,Clothing,2,300,600
702,2023-03-26,Male,34.0,Electronics,2,50,100
703,2023-08-28,Female,62.0,Clothing,3,30,90
704,2023-03-07,Male,60.0,Electronics,2,25,50
705,2023-11-15,Male,51.0,Electronics,5,25,125
706,2023-10-01,Female,26.0,Clothing,1,500,500
707,2023-01-14,Female,43.0,Beauty,3,300,900
708,2023-07-21,Female,19.0,Electronics,2,500,1000
709,2025-01-01,Female,26.0,Electronics,3,500,1500
710,2023-10-16,Male,26.0,Electronics,3,500,1500
711,2023-12-06,Female,57.0,Beauty,4,25,100
712,2023-01-14,Male,34.0,Beauty,3,25,75
713,2023-02-12,Female,18.0,Clothing,1,500,500
714,2023-11-26,Female,42.0,Beauty,6,25,150
715,2023-08-08,Female,60.0,Clothing,4,300,1200
716,2023-03-11,Male,57.0,Clothing,1,500,500
717,2023-08-25,Female,59.0,Beauty,3,25,75
718,2023-04-04,Female,42.0,Clothing,2,30,60
719,2023-01-26,Female,56.0,Beauty,3,500,1500
720,2023-05-14,Female,52.0,Clothing,1,500,500
721,2023-07-14,Male,20.0,Beauty,3,300,900
722,2023-06-17,Female,54.0,Beauty,4,50,200
723,2023-04-19,Male,61.0,Clothing,3,50,150
724,2023-08-21,Male,61.0,Electronics,1,300,300
725,2023-06-17,Male,47.0,Clothing,4,300,1200
726,2023-06-22,Male,55.0,Beauty,3,300,900
727,2023-07-14,Male,51.0,Electronics,3,50,150
728,2023-05-23,Male,29.0,Clothing,4,300,1200
729,2023-08-04,Female,36.0,Clothing,2,25,50
730,2023-05-10,Male,54.0,Clothing,4,500,2000
731,2023-02-11,Male,61.0,Electronics,1,500,500
732,2023-08-29,Male,34.0,Beauty,1,30,30
733,2023-01-10,Female,27.0,Clothing,1,30,30
734,2023-10-04,Female,64.0,Clothing,4,500,2000
735,2023-01-27,Male,29.0,Clothing,4,25,100
736,2023-06-29,Female,33.0,Clothing,1,50,50
737,2023-04-25,Male,41.0,Clothing,2,50,155
738,2023-11-29,Male,36.0,Beauty,2,25,50
739,2023-02-05,Female,25.0,Beauty,3,50,150
740,2023-11-30,Male,48.0,Clothing,2,300,600
741,2023-01-21,Female,38.0,Electronics,4,500,2000
742,2023-01-16,Female,34.0,Beauty,4,500,2000
743,2023-05-07,Male,40.0,Electronics,1,25,25
744,2023-04-13,Male,54.0,Beauty,2,50,100
745,2023-01-11,Female,33.0,Clothing,3,30,90
746,2023-11-15,,23.0,Beauty,2,30,60
747,2023-03-20,Male,25.0,Clothing,3,50,150
748,2023-05-03,Male,42.0,Beauty,1,30,70
749,2023-03-06,Female,35.0,Clothing,3,25,75
750,2023-08-31,Female,42.0,Clothing,2,25,50
751,2023-12-09,Male,29.0,Clothing,3,50,150
752,2023-02-28,Female,32.0,Clothing,1,30,30
753,2023-10-16,Female,43.0,Electronics,4,25,100
754,2023-04-22,Female,,Clothing,3,25,75
755,2023-08-27,Unknown,62.0,,4,300,1200
756,2023-12-25,Female,43.0,Electronics,5,300,1500
757,2023-05-12,Male,64.0,Clothing,4,25,100
758,2023-07-08,Male,49.0,Electronics,2,50,100
759,2023-03-27,Male,27.0,Beauty,1,500,500
760,2023-11-07,Female,33.0,Clothing,2,500,1000
761,2023-11-07,Female,24.0,Electronics,3,25,75
762,2023-02-28,Male,34.0,Clothing,2,25,50
763,2023-03-25,Female,40.0,Clothing,1,25,25
764,2023-06-09,Male,43.0,Clothing,4,50,200
765,2023-02-25,Male,38.0,Electronics,3,300,900
766,2023-10-24,Male,39.0,Beauty,3,25,75
767,2023-01-14,Female,24.0,Beauty,3,25,75
768,2023-06-09,Female,31.0,Electronics,4,30,120
769,2023-10-22,Male,32.0,Clothing,1,50,50
770,2023-12-13,Male,24.0,Electronics,4,25,100
771,2023-07-12,Male,26.0,Electronics,1,30,30
772,2023-07-23,Male,25.0,Electronics,4,500,2000
773,2023-04-12,Female,40.0,Clothing,2,25,50
774,2023-02-08,Female,46.0,Electronics,4,25,100
775,2023-10-31,Male,35.0,Clothing,3,30,90
776,2023-12-20,Male,48.0,Electronics,4,50,200
777,2023-11-18,Female,47.0,Beauty,5,25,125
778,2023-05-05,Female,56.0,Electronics,2,500,1000
779,2023-02-22,Male,52.0,Electronics,2,25,50
780,2023-12-23,Male,35.0,Beauty,2,500,1000
781,2023-06-04,Male,59.0,Clothing,3,300,900
782,2023-12-17,Female,56.0,Clothing,3,300,900
783,2023-11-04,Female,34.0,Electronics,3,500,1500
784,2023-03-03,Female,31.0,Beauty,4,50,200
785,2023-10-17,Male,48.0,Clothing,4,25,100
786,2023-01-22,Male,41.0,Electronics,1,25,25
787,2023-06-27,Female,52.0,Beauty,3,300,900
788,2023-09-30,Female,61.0,Clothing,4,500,2000
789,2023-08-08,Male,62.0,Clothing,1,25,25
790,2023-12-05,Female,51.0,Beauty,2,25,50
791,2023-07-09,Female,20.0,Beauty,1,50,50
792,2023-02-05,Male,54.0,Beauty,1,30,30
793,2023-09-17,Female,60.0,Beauty,1,300,300
794,2023-11-28,Male,57.0,Electronics,3,300,900
795,2023-06-24,Male,43.0,Beauty,4,30,120
796,2023-01-07,Male,40.0,Clothing,3,25,75
797,2023-08-04,Male,61.0,Clothing,1,50,50
798,2023-09-08,Male,56.0,Electronics,2,50,100
799,2025-01-01,Male,32.0,Clothing,3,300,900
800,2023-08-10,Unknown,21.0,Clothing,4,50,200
801,2023-07-05,Female,46.0,Beauty,1,30,30
802,2023-11-22,Male,39.0,Clothing,6,25,150
803,2023-08-24,Male,42.0,Electronics,1,30,30
804,2023-12-29,Female,30.0,Beauty,4,500,2000
805,2023-03-20,Female,35.0,Beauty,3,300,900
806,2023-08-11,Female,50.0,Electronics,4,50,200
807,2023-04-01,Male,33.0,Beauty,4,500,2000
808,2023-09-25,Female,62.0,Beauty,2,50,100
809,2023-11-30,Male,59.0,Electronics,5,25,125
810,2023-05-19,Male,61.0,Beauty,2,25,50
811,2023-11-12,Male,19.0,Electronics,5,25,125
812,2023-10-03,Male,52.0,Electronics,3,50,150
813,2023-09-05,Female,59.0,Clothing,1,500,500
814,2023-08-27,Female,51.0,Clothing,3,25,75
815,2023-08-12,Male,47.0,Beauty,2,500,1000
816,2023-10-31,Male,30.0,Beauty,4,50,200
817,2023-05-18,Male,30.0,Electronics,1,500,500
818,2023-06-15,Female,35.0,Beauty,2,50,100
819,2023-05-06,Male,49.0,Electronics,4,50,200
820,2023-02-14,Male,49.0,Electronics,1,300,300
821,2023-05-23,Female,52.0,Beauty,3,50,150
822,2023-08-19,Female,56.0,Electronics,2,50,100
823,2023-05-05,Male,63.0,Clothing,4,30,120
824,2023-08-26,Female,46.0,Beauty,1,25,25
825,2023-10-19,Female,46.0,Clothing,1,300,300
826,2023-11-09,Male,61.0,Beauty,4,300,1200
827,2023-12-09,Female,33.0,Electronics,6,300,1800
828,2023-07-14,Male,61.0,Beauty,3,30,90
829,2023-06-22,Female,64.0,Clothing,3,50,150
830,2023-01-15,Male,27.0,Electronics,4,25,100
831,2023-09-11,Male,47.0,Beauty,4,500,2000
832,2023-06-16,Male,42.0,Beauty,4,50,200
833,2023-04-04,Female,56.0,Beauty,2,30,60
834,2023-09-07,Male,37.0,Clothing,4,50,200
835,2023-04-19,Female,22.0,Clothing,1,50,50
836,2025-01-01,Male,18.0,Beauty,3,30,90
837,2023-05-13,Male,47.0,Electronics,2,300,600
838,2023-06-24,Female,20.0,Electronics,4,300,1200
839,2023-05-24,Male,62.0,Clothing,2,25,50
840,2023-11-02,Male,31.0,Electronics,5,25,125
841,2023-12-26,Female,47.0,Clothing,4,300,1200
842,2023-05-22,Male,21.0,Beauty,3,500,1500
843,2023-10-12,Male,35.0,Clothing,3,50,150
844,2023-01-06,Male,54.0,Clothing,1,500,500
845,2023-09-22,Male,42.0,Beauty,1,50,50
846,2023-04-08,Female,18.0,Electronics,4,300,1200
847,2023-02-13,Female,63.0,Clothing,3,25,75
848,2023-05-04,Male,32.0,Clothing,2,25,50
849,2023-07-28,Female,26.0,Beauty,2,500,1000
850,2023-09-08,Male,32.0,Electronics,2,25,50
851,2023-10-12,Female,41.0,Clothing,1,300,300
852,2023-05-04,Male,21.0,Beauty,2,500,1000
853,2023-12-20,Male,-29.0,Clothing,3,50,150
854,2023-09-01,Male,54.0,Beauty,1,25,25
855,2023-11-27,Male,54.0,Electronics,6,30,180
856,2023-12-31,Male,60.0,Electronics,3,25,75
857,2023-09-09,Male,23.0,Electronics,2,50,100
858,2023-08-18,Female,56.0,Electronics,3,500,1500
859,2023-01-09,Male,63.0,Clothing,4,50,200
860,2023-02-17,Female,41.0,Clothing,3,30,90
861,2023-05-31,Male,28.0,Electronics,4,300,1200
862,2023-04-24,Female,30.0,Electronics,2,25,50
863,2023-07-27,Female,,Electronics,1,500,500
864,2023-12-21,Female,42.0,Clothing,2,300,600
865,2023-05-05,Male,24.0,Electronics,1,50,50
866,2023-06-06,Male,21.0,Electronics,1,500,500
867,2023-12-06,Female,25.0,Electronics,2,300,600
868,2023-10-25,Male,37.0,Beauty,3,500,1500
869,2023-07-08,Female,46.0,Electronics,4,30,120
870,2023-08-31,Male,62.0,Beauty,2,30,60
871,2023-10-11,Female,63.0,Beauty,3,25,75
872,2023-09-29,Female,27.0,Electronics,4,25,100
873,2023-06-26,Male,60.0,Beauty,1,30,30
874,2023-08-06,Female,51.0,Electronics,4,500,2000
875,2023-10-09,Male,43.0,Clothing,4,30,120
876,2023-06-19,Female,58.0,Clothing,1,25,25
877,2023-06-30,Female,20.0,Clothing,1,30,30
878,2023-12-26,Male,23.0,Clothing,3,30,90
879,2023-08-21,Male,22.0,Beauty,2,500,1000
880,2023-05-19,Male,22.0,Electronics,1,300,300
881,2023-06-06,Female,64.0,Electronics,2,25,50
882,2025-01-01,Male,40.0,Electronics,1,500,500
883,2023-04-29,Female,26.0,Clothing,2,30,60
884,2023-03-03,Female,52.0,Clothing,4,30,120
885,2023-04-09,Male,37.0,Electronics,3,300,900
886,2023-06-11,Male,59.0,Clothing,4,25,100
887,2023-03-03,Female,52.0,Electronics,4,25,100
888,2023-10-02,Female,35.0,Electronics,1,50,50
889,2023-12-20,Male,34.0,Electronics,4,25,100
890,2023-04-05,Male,41.0,Electronics,3,300,900
891,2023-04-09,Male,20.0,Electronics,1,50,50
892,2023-04-21,Male,49.0,Electronics,1,50,50
893,2023-09-05,Male,52.0,Electronics,1,30,30
894,2023-05-22,Unknown,55.0,Clothing,4,30,120
895,2023-10-29,Female,30.0,Electronics,2,25,50
896,2023-09-26,Female,64.0,Electronics,2,50,100
897,2023-11-02,Female,42.0,Clothing,5,30,150
898,2023-05-25,Male,26.0,Clothing,2,300,600
899,2023-02-21,Male,21.0,Clothing,2,30,60
900,2023-04-10,Male,31.0,Electronics,1,30,30
901,2023-06-01,Female,54.0,Beauty,1,50,50
902,2023-04-27,Female,51.0,Beauty,4,50,200
903,2023-07-04,Male,28.0,Clothing,1,500,500
904,2023-04-02,Male,58.0,Beauty,1,300,300
905,2023-06-04,,20.0,Clothing,1,50,50
906,2023-01-08,Female,45.0,Electronics,1,25,25
907,2023-12-29,Male,46.0,Beauty,5,300,1500
908,2023-10-01,Male,26.0,Electronics,1,300,300
909,2023-03-06,Female,20.0,Beauty,3,50,150
910,2023-05-21,Male,42.0,Electronics,3,300,900
911,2023-01-24,Male,51.0,Beauty,3,50,150
912,2023-01-28,Male,29.0,Electronics,3,30,90
913,2023-10-11,Female,59.0,Electronics,1,500,500
914,2023-05-30,Female,26.0,Beauty,3,30,90
915,2023-12-24,Female,32.0,Electronics,3,50,150
916,2023-03-06,Female,57.0,Electronics,4,50,200
917,2023-11-23,Female,42.0,Electronics,4,30,120
918,2023-09-09,Female,22.0,Beauty,2,25,50
919,2023-02-22,Female,28.0,Beauty,3,25,75
920,2023-01-07,Male,51.0,Electronics,3,25,75
921,2023-10-21,Male,41.0,Electronics,1,50,50
922,2023-05-26,Male,32.0,Beauty,3,300,900
923,2023-08-29,Male,55.0,Beauty,2,50,100
924,2023-09-03,Male,25.0,Electronics,1,300,300
925,2023-08-14,Male,22.0,Electronics,1,30,30
926,2023-06-24,Male,43.0,Electronics,4,500,2000
927,2023-04-05,Female,35.0,Clothing,4,300,1200
928,2023-01-27,Female,23.0,Beauty,3,25,75
929,2023-05-10,Male,54.0,Clothing,4,50,200
930,2023-09-02,Male,30.0,Beauty,4,30,120
931,2023-02-28,Female,45.0,Beauty,4,25,100
932,2023-02-03,Male,22.0,Beauty,1,30,30
933,2023-07-25,Male,30.0,Beauty,1,500,500
934,2023-09-09,Female,34.0,Beauty,1,50,50
935,2023-02-07,Male,57.0,Beauty,3,50,150
936,2023-10-23,Female,62.0,Beauty,1,500,500
937,2023-11-19,Male,-49.0,Clothing,6,50,300
938,2023-12-18,,46.0,Electronics,3,300,900
939,2023-01-28,Female,20.0,Electronics,1,30,30
940,2023-03-19,Female,57.0,Clothing,2,25,50
941,2023-03-18,Male,51.0,Clothing,3,500,1500
942,2023-10-16,Female,57.0,Clothing,4,300,1200
943,2023-06-05,Male,44.0,Clothing,2,25,50
944,2023-02-13,Male,30.0,Beauty,1,25,25
945,2023-05-08,Male,62.0,Electronics,4,500,2000
946,2023-03-02,Male,50.0,Beauty,1,300,300
947,2023-10-13,Female,23.0,Electronics,3,25,75
948,2023-08-02,Female,41.0,Electronics,2,25,50
949,2023-11-07,Male,36.0,Clothing,4,300,1200
950,2023-11-02,Male,33.0,Beauty,4,50,200
951,2023-11-13,Female,57.0,Clothing,3,25,75
952,2023-04-26,Male,45.0,Beauty,3,30,90
953,2023-09-25,Female,50.0,Electronics,3,300,900
954,2023-07-14,Male,58.0,Clothing,1,25,25
955,2023-08-19,Male,30.0,,3,500,1500
956,2023-08-15,Female,60.0,Electronics,4,30,120
957,2023-06-02,Male,62.0,Electronics,2,25,50
958,2023-10-29,Female,42.0,Electronics,2,30,60
959,2023-08-08,Male,59.0,Clothing,2,30,60
960,2023-06-06,Male,53.0,Beauty,4,50,200
961,2023-10-19,Male,44.0,Clothing,2,30,60
962,2023-11-14,Female,55.0,Beauty,3,50,150
963,2023-01-31,Male,24.0,Clothing,3,300,900
964,2023-11-09,Male,22.0,Clothing,6,50,300
965,2023-02-20,Male,60.0,Electronics,2,500,1000
966,2023-04-17,Male,62.0,Beauty,1,25,25
967,2023-11-17,Unknown,48.0,Clothing,4,300,1200
968,2023-04-19,Female,40.0,Clothing,3,300,900
969,2023-05-16,Male,,Electronics,4,500,2000
970,2023-12-05,Female,27.0,Electronics,6,50,300
971,2023-02-11,Male,49.0,Beauty,4,25,100
972,2023-03-22,Male,60.0,Clothing,1,50,50
973,2023-05-03,Male,47.0,Beauty,1,30,30
974,2023-03-30,Female,56.0,Clothing,4,50,200
975,2023-10-10,Female,48.0,Beauty,2,300,600
976,2023-02-08,Female,35.0,Electronics,2,25,50
977,2023-03-22,Female,53.0,Clothing,3,50,150
978,2023-01-02,Female,19.0,Beauty,1,25,25
979,2023-07-29,Female,31.0,Electronics,3,25,75
980,2023-08-19,Female,30.0,Electronics,2,30,60
981,2023-12-19,Female,46.0,Beauty,5,30,150
982,2023-11-01,Female,29.0,Clothing,3,300,900
983,2023-08-29,Male,56.0,Clothing,1,500,500
984,2023-05-30,Female,19.0,Electronics,2,25,50
985,2023-01-17,Female,49.0,Clothing,2,500,1000
986,2023-04-29,Female,30.0,Clothing,3,300,900
987,2023-05-28,Female,63.0,Clothing,3,25,75
988,2023-12-28,Female,44.0,Electronics,2,25,50
989,2023-05-25,Female,58.0,Beauty,2,500,1000
990,2023-12-26,Female,34.0,Clothing,3,50,150
991,2023-08-21,Female,57.0,Electronics,2,30,60
992,2023-02-06,Female,48.0,Electronics,3,50,150
993,2023-12-18,Female,51.0,Beauty,4,500,2000
994,2023-04-30,Female,41.0,Clothing,1,30,30
995,2023-05-16,Male,62.0,Clothing,1,50,50
996,2023-11-17,Male,52.0,Beauty,5,30,150
997,2023-10-29,Female,23.0,Beauty,4,25,100
998,2023-12-05,Female,36.0,Electronics,4,50,200
999,2023-04-12,Male,47.0,Electronics,4,30,120
1000,2022-11-24,Male,34.0,Beauty,5,50,250
1001,2022-02-27,Female,26.0,Clothing,1,500,500
1002,2022-01-13,Male,50.0,Electronics,1,30,30
1003,2022-05-21,Male,37.0,Clothing,1,500,500
1004,2022-05-06,Male,30.0,Beauty,2,50,100
1005,2022-04-25,Female,45.0,Beauty,1,30,30
1006,2022-03-13,Male,46.0,Clothing,2,25,50
1007,2022-02-22,Male,30.0,Electronics,4,25,100
1008,2022-12-13,Male,63.0,Electronics,4,300,1200
1009,2022-10-07,Female,52.0,Clothing,4,50,200
1010,2022-02-14,Male,23.0,Clothing,1,50,50
1011,2022-10-30,Male,35.0,Beauty,3,25,75
1012,2022-08-05,Male,22.0,Electronics,3,500,1500
1013,2022-01-17,Male,64.0,Clothing,4,30,120
1014,2022-01-16,Female,42.0,Electronics,4,500,2000
1015,2022-02-17,Male,19.0,Clothing,3,500,1500
1016,2022-04-22,Female,27.0,Clothing,4,25,100
1017,2022-04-30,Female,,Electronics,2,25,50
1018,2022-09-16,Female,62.0,Clothing,2,25,50
1019,2022-11-05,Male,22.0,Clothing,4,300,1200
1020,2022-01-14,Female,50.0,Beauty,1,500,500
1021,2022-10-15,Male,18.0,Clothing,2,50,100
1022,2022-04-12,Female,35.0,Clothing,4,30,120
1023,2022-11-29,Female,49.0,Clothing,3,300,900
1024,2022-12-26,Female,64.0,Beauty,2,50,100
1025,2022-10-07,Female,28.0,Electronics,2,500,1000
1026,2022-08-03,Female,38.0,Beauty,2,25,50
1027,2022-04-23,Female,43.0,Beauty,1,500,500
1028,2022-08-18,Female,42.0,Electronics,1,30,30
1029,2022-10-29,Female,39.0,Beauty,3,300,900
1030,2022-05-23,Male,44.0,Electronics,4,300,1200
1031,2022-01-04,Male,30.0,Beauty,3,30,90
1032,2022-03-23,Female,50.0,Electronics,2,50,100
1033,2022-12-24,Female,51.0,Clothing,5,50,250
1034,2022-08-05,Female,58.0,Beauty,3,300,900
1035,2022-06-24,Unknown,52.0,Beauty,3,300,900
1036,2022-05-23,Female,18.0,Beauty,3,25,75
1037,2022-03-21,Male,38.0,Beauty,4,50,200
1038,2022-04-21,Male,23.0,Clothing,4,30,120
1039,2022-06-22,Male,45.0,Beauty,1,50,50
1040,2022-02-22,Male,34.0,Clothing,2,25,50
1041,2022-02-17,Male,22.0,Clothing,2,300,600
1042,2022-07-14,Female,48.0,Clothing,1,300,300
1043,2022-02-19,Female,22.0,Clothing,1,25,25
1044,2022-07-03,Female,55.0,Electronics,1,30,30
1045,2022-06-26,Female,20.0,Electronics,4,300,1200
1046,2022-11-06,Female,40.0,Beauty,4,500,2000
1047,2022-05-16,Male,54.0,Electronics,3,300,900
1048,2022-01-23,Female,54.0,Electronics,2,500,1000
1049,2022-08-24,Female,27.0,Beauty,3,25,75
1050,2022-10-02,Male,27.0,Beauty,3,25,75
1051,2022-03-05,Female,36.0,Beauty,1,300,300
1052,2022-07-13,Male,34.0,Electronics,2,50,100
1053,2022-02-10,Female,38.0,Electronics,2,500,1000
1054,2022-10-10,Male,31.0,Beauty,4,30,120
1055,2022-05-31,Female,26.0,,3,300,900
1056,2022-11-18,Female,63.0,Beauty,2,30,60
1057,2022-11-13,Male,18.0,Clothing,6,300,1800
1058,2022-07-05,Male,62.0,Clothing,1,50,50
1059,2022-10-23,Male,30.0,Beauty,3,50,150
1060,2022-04-09,Male,21.0,Beauty,4,50,200
1061,2022-12-27,Male,18.0,Beauty,3,50,150
1062,2022-02-05,Male,57.0,Electronics,2,25,50
1063,2022-01-24,Male,49.0,Clothing,4,25,100
1064,2022-12-05,Male,51.0,Electronics,6,500,3000
1065,2022-04-27,Female,45.0,Electronics,1,30,30
1066,2022-05-29,Female,48.0,Beauty,4,300,1200
1067,2022-02-10,Male,25.0,Electronics,1,300,300
1068,2022-04-30,Female,56.0,Beauty,3,25,75
1069,2022-02-21,Female,43.0,Clothing,1,300,300
1070,2022-07-14,Female,51.0,Beauty,4,25,100
1071,2022-05-23,Female,20.0,Electronics,4,500,2000
1072,2022-08-21,Unknown,29.0,Electronics,3,30,162
1073,2022-11-22,Female,18.0,Beauty,6,500,3000
1074,2022-07-06,Male,61.0,Beauty,4,50,200
1075,2022-03-25,Female,22.0,Electronics,2,50,100
1076,2022-07-09,Female,47.0,Clothing,2,50,100
1077,2022-07-01,Female,47.0,Clothing,3,500,1500
1078,2022-04-18,Male,34.0,Beauty,1,300,300
1079,2022-12-10,Female,64.0,Clothing,4,30,120
1080,2022-05-17,Male,40.0,Electronics,1,50,50
1081,2022-12-26,Female,32.0,Beauty,5,50,250
1082,2022-12-16,Male,54.0,Electronics,4,50,200
1083,2022-11-28,Female,38.0,Electronics,4,30,120
1084,2022-02-06,Male,31.0,Clothing,2,50,100
1085,2022-11-08,Male,19.0,Beauty,4,30,120
1086,2022-11-22,Female,28.0,Beauty,3,50,150
1087,2022-03-29,Male,56.0,Clothing,1,500,500
1088,2022-10-01,Female,55.0,Electronics,4,500,2000
1089,2022-05-06,Female,51.0,Electronics,1,30,30
1090,2022-03-25,Female,55.0,Electronics,1,500,500
1091,2022-08-25,Female,51.0,Electronics,4,30,120
1092,2022-07-14,Female,35.0,Beauty,4,500,2000
1093,2022-05-19,Female,47.0,Beauty,2,500,1000
1094,2022-11-24,Female,32.0,Clothing,4,30,120
1095,2022-12-19,Female,,Clothing,4,300,1200
1096,2022-10-13,Female,51.0,Beauty,2,500,1000
1097,2022-04-23,Female,55.0,Beauty,2,50,100
1098,2022-12-17,Female,50.0,Electronics,5,300,1500
1099,2022-06-16,Male,41.0,Electronics,1,30,30
1100,2022-01-29,Male,32.0,Clothing,2,300,600
1101,2022-04-28,Female,47.0,Beauty,2,25,50
1102,2022-01-17,Female,59.0,Clothing,1,25,25
1103,2022-06-11,Female,34.0,Beauty,2,500,1000
1104,2022-07-25,Female,22.0,Electronics,1,500,500
1105,2022-05-18,Female,46.0,Clothing,1,50,50
1106,2022-02-03,Female,21.0,Clothing,3,300,900
1107,2022-04-19,Female,27.0,Beauty,3,25,75
1108,2022-10-18,Female,34.0,Electronics,4,500,2000
1109,2022-06-11,Unknown,27.0,Clothing,3,300,900
1110,2022-04-19,Female,34.0,Electronics,3,500,1500
1111,2022-12-02,Male,37.0,Clothing,5,500,2500
1112,2022-09-13,Female,41.0,Electronics,2,25,50
1113,2022-07-22,Female,22.0,Beauty,4,25,100
1114,2022-11-26,Male,51.0,Clothing,4,500,2000
1115,2022-08-23,Female,23.0,Clothing,1,30,30
1116,2022-03-15,Male,19.0,Electronics,2,500,1000
1117,2022-05-16,Female,30.0,Electronics,4,500,2000
1118,2022-03-13,,60.0,Clothing,3,50,150
1119,2022-05-07,Male,60.0,Beauty,1,50,50
1120,2022-10-15,Female,28.0,Electronics,4,50,200
1121,2022-10-03,Male,64.0,Electronics,4,30,120
1122,2022-05-15,Female,40.0,Electronics,2,30,60
1123,2022-10-27,Male,33.0,Clothing,4,500,2000
1124,2022-08-08,Male,48.0,Clothing,2,50,100
1125,2022-10-26,Female,28.0,Clothing,3,30,90
1126,2022-07-24,Female,33.0,Clothing,2,25,50
1127,2022-07-05,Male,25.0,Beauty,1,500,500
1128,2022-04-23,Female,21.0,Beauty,2,300,600
1129,2022-03-12,Female,57.0,Clothing,1,500,500
1130,2022-09-18,Female,-21.0,Beauty,2,300,600
1131,2022-09-10,Male,42.0,Electronics,4,50,237
1132,2022-02-16,Male,20.0,Electronics,2,300,600
1133,2022-01-25,Male,49.0,Electronics,1,50,50
1134,2022-02-26,Male,20.0,Clothing,1,25,25
1135,2022-03-20,Male,44.0,Electronics,2,300,600
1136,2022-11-18,Male,46.0,Beauty,3,500,1500
1137,2022-03-23,Male,49.0,Clothing,4,50,200
1138,2022-12-15,Male,36.0,Beauty,6,500,3000
1139,2022-08-05,Male,38.0,Electronics,1,30,30
1140,2022-11-02,Female,22.0,Electronics,2,50,100
1141,2022-02-02,Male,35.0,Electronics,4,300,1200
1142,2022-07-17,Female,45.0,Clothing,1,50,80
1143,2022-07-15,Female,59.0,Beauty,3,500,1500
1144,2022-11-02,Female,39.0,Clothing,4,25,100
1145,2022-08-28,Male,38.0,Clothing,4,50,200
1146,2022-09-28,Male,23.0,Electronics,1,300,300
1147,2022-05-09,Male,18.0,Clothing,2,30,60
1148,2022-10-11,Male,22.0,Clothing,3,25,75
1149,2022-01-06,Female,58.0,Electronics,4,30,120
1150,2022-12-15,Male,29.0,Clothing,3,50,150
1151,2022-02-28,Male,43.0,Electronics,3,500,1500
1152,2022-12-16,Male,63.0,Electronics,3,500,1500
1153,2022-10-02,Male,51.0,Electronics,3,300,900
1154,2022-05-17,Male,31.0,Electronics,4,500,2000
1155,2022-11-25,Female,43.0,Clothing,6,25,150
1156,2022-06-24,Male,62.0,Electronics,4,500,2000
1157,2022-02-27,Female,44.0,Electronics,2,300,600
1158,2022-05-31,Male,26.0,Clothing,4,50,200
1159,2022-08-11,Female,43.0,Clothing,2,50,100
1160,2022-03-22,Male,64.0,Beauty,2,500,1000
1161,2022-08-21,Male,39.0,Clothing,2,30,60
1162,2022-01-02,Female,64.0,Clothing,3,50,150
1163,2022-05-15,Female,47.0,Beauty,3,500,1500
1164,2022-09-14,Female,60.0,Clothing,4,300,1200
1165,2022-04-02,Male,34.0,Clothing,4,500,2000
1166,2022-09-17,Female,43.0,Clothing,3,50,150
1167,2022-02-24,Male,53.0,Clothing,1,300,300
1168,2022-11-17,Male,18.0,Beauty,5,500,2500
1169,2022-06-02,Female,25.0,Clothing,2,25,50
1170,2022-11-24,Female,52.0,Clothing,4,300,1200
1171,2022-09-17,Male,32.0,Beauty,2,25,50
1172,2022-11-08,Male,64.0,Electronics,5,30,150
1173,2022-04-12,Female,39.0,Beauty,1,300,300
1174,2022-03-20,Female,31.0,Electronics,4,25,100
1175,2022-07-11,Female,43.0,Beauty,2,50,100
1176,2022-03-24,Male,45.0,Beauty,2,50,100
1177,2022-10-04,Male,40.0,Clothing,2,30,60
1178,2022-09-29,Male,31.0,Electronics,1,300,300
1179,2022-01-01,Male,41.0,Clothing,3,300,900
1180,2022-11-03,Male,19.0,Electronics,5,300,1500
1181,2022-06-15,Male,62.0,Beauty,4,30,120
1182,2022-09-08,Female,43.0,Beauty,3,300,900
1183,2022-01-10,Male,31.0,Electronics,4,50,200
1184,2022-02-27,Male,24.0,Clothing,1,25,25
1185,2022-07-05,Male,20.0,Clothing,4,50,200
1186,2022-06-07,Female,64.0,,2,50,100
1187,2022-05-03,Male,40.0,Clothing,3,25,75
1188,2022-01-30,Male,63.0,Beauty,1,50,50
1189,2022-05-04,Female,60.0,Beauty,3,30,90
1190,2022-10-18,Male,64.0,Beauty,1,25,70
1191,2022-02-10,Male,62.0,Beauty,1,50,50
1192,2022-02-13,Male,35.0,Beauty,3,500,1500
1193,2022-09-06,Male,55.0,Clothing,4,50,200
1194,2022-02-05,Male,52.0,Clothing,1,30,30
1195,2022-09-30,Female,32.0,Clothing,3,300,900
1196,2022-03-06,Female,42.0,Clothing,4,50,200
1197,2022-03-07,Female,54.0,Beauty,3,300,900
1198,2022-12-04,Male,45.0,Beauty,5,500,2500
1199,2022-09-01,Male,27.0,Beauty,3,50,150
1200,2022-10-09,Male,56.0,Electronics,1,25,25
1201,2022-03-26,Female,34.0,Clothing,4,300,1200
1202,2022-05-16,Male,56.0,Clothing,2,500,1000
1203,2022-09-28,Male,39.0,Beauty,1,25,25
1204,2022-11-07,Female,43.0,Clothing,3,25,75
1205,2022-08-05,Male,61.0,Clothing,1,25,25
1206,2022-04-19,Female,42.0,Beauty,2,25,50
1207,2022-10-04,Female,34.0,Electronics,4,50,200
1208,2022-12-20,Female,30.0,Electronics,5,50,250
1209,2022-04-13,Male,37.0,Electronics,4,50,200
1210,2023-01-01,Male,-42.0,Beauty,3,500,1500
1211,2022-06-09,Male,21.0,Clothing,3,500,1500
1212,2022-07-24,Male,27.0,Beauty,3,500,1500
1213,2022-12-10,Male,20.0,Beauty,3,30,90
1214,2022-11-29,Male,58.0,Clothing,4,500,2000
1215,2022-07-11,Male,62.0,Electronics,2,50,100
1216,2022-08-13,Female,35.0,Electronics,4,50,200
1217,2022-09-22,Male,,Beauty,3,30,90
1218,2022-08-20,Unknown,53.0,Electronics,3,30,90
1219,2022-03-03,Male,64.0,Beauty,1,500,500
1220,2022-05-07,Male,39.0,Beauty,2,300,600
1221,2022-04-26,Male,51.0,Clothing,4,30,120
1222,2022-02-02,Female,64.0,Clothing,1,25,25
1223,2022-06-23,Female,25.0,Clothing,1,50,50
1224,2022-01-11,Female,57.0,,4,25,100
1225,2022-10-29,Female,61.0,Clothing,1,50,50
1226,2022-10-11,Male,,Electronics,2,50,100
1227,2022-04-28,Female,59.0,Electronics,2,30,60
1228,2022-10-29,Male,58.0,Beauty,3,30,90
1229,2022-04-23,Male,54.0,Beauty,1,25,25
1230,2022-01-04,Female,23.0,Clothing,3,50,150
1231,2022-02-06,Female,43.0,Beauty,1,25,25
1232,2022-12-29,Female,51.0,Beauty,4,300,1200
1233,2022-11-20,Female,62.0,Electronics,4,25,100
1234,2022-01-31,Female,23.0,Electronics,2,500,1084
1235,2022-04-28,Female,54.0,Clothing,1,25,25
1236,2022-02-04,Female,50.0,Beauty,1,500,500
1237,2022-01-17,Female,39.0,Beauty,1,500,500
1238,2022-06-19,Male,38.0,Electronics,3,500,1500
1239,2022-02-06,Female,23.0,Beauty,1,300,300
1240,2022-09-21,Female,23.0,Electronics,3,25,75
1241,2022-05-02,Male,21.0,Clothing,1,25,25
1242,2022-05-23,Female,47.0,Electronics,3,300,900
1243,2022-12-09,Male,28.0,Beauty,3,50,150
1244,2022-09-06,Male,47.0,Clothing,3,30,90
1245,2022-04-20,Female,48.0,Electronics,2,25,50
1246,2022-10-04,Male,41.0,Electronics,2,30,60
1247,2022-03-09,Male,26.0,Clothing,3,300,900
1248,2022-10-20,Male,20.0,Clothing,1,50,50
1249,2022-10-23,Male,48.0,Electronics,1,50,50
1250,2022-08-31,Female,57.0,Beauty,4,50,200
1251,2022-05-05,Male,54.0,Electronics,1,300,300
1252,2022-08-31,Female,53.0,Clothing,4,500,2000
1253,2022-07-28,Male,41.0,Electronics,1,500,500
1254,2022-04-08,Male,48.0,Clothing,1,30,30
1255,2022-02-18,Male,23.0,Clothing,1,500,500
1256,2022-02-19,Male,19.0,Beauty,3,500,1500
1257,2022-12-04,Female,37.0,Clothing,2,50,100
1258,2022-08-09,Female,45.0,Clothing,4,50,200
1259,2022-07-01,Male,28.0,Beauty,2,30,60
1260,2022-08-05,Male,21.0,Clothing,2,25,50
1261,2022-07-30,Female,32.0,Beauty,4,30,120
1262,2022-08-28,Male,23.0,Beauty,2,30,60
1263,2022-01-28,Male,47.0,Clothing,3,300,900
1264,2022-12-11,Male,55.0,Clothing,4,300,1200
1265,2022-12-01,Female,19.0,Electronics,4,30,120
1266,2022-11-27,Female,32.0,Beauty,4,30,120
1267,2022-02-20,Female,28.0,Electronics,1,30,30
1268,2022-02-01,Male,25.0,Clothing,4,500,2000
1269,2022-07-26,Male,43.0,Electronics,1,300,300
1270,2022-06-23,Female,62.0,Beauty,4,30,120
1271,2022-02-25,Female,61.0,Electronics,2,50,100
1272,2022-05-08,Female,22.0,Beauty,1,50,50
1273,2022-04-09,,23.0,Clothing,2,500,1000
1274,2022-04-08,Male,43.0,Clothing,2,500,1000
1275,2022-10-02,Female,21.0,Beauty,4,25,100
1276,2022-08-18,Male,36.0,Clothing,4,25,100
1277,2022-03-13,Female,37.0,Clothing,4,25,100
1278,2022-08-05,Male,50.0,Clothing,1,500,500
1279,2022-04-04,Female,37.0,Clothing,3,500,1500
1280,2022-05-23,Female,29.0,Beauty,4,500,2000
1281,2022-08-25,Female,64.0,Electronics,4,50,200
1282,2022-05-08,Female,18.0,Electronics,1,500,500
1283,2022-02-08,Male,-43.0,Clothing,3,50,150
1284,2022-08-15,Female,31.0,Electronics,1,25,25
1285,2022-10-09,Male,55.0,Electronics,2,25,50
1286,2022-02-20,Male,54.0,Clothing,3,25,75
1287,2022-01-26,Male,28.0,,4,30,120
1288,2022-11-30,Male,53.0,Electronics,3,30,90
1289,2022-10-04,,30.0,Beauty,2,300,600
1290,2022-01-08,Male,60.0,Clothing,2,300,600
1291,2022-02-17,Male,20.0,Beauty,3,300,900
1292,2022-05-02,,50.0,Electronics,3,30,90
1293,2022-03-27,Female,23.0,Clothing,3,30,90
1294,2022-07-28,Female,27.0,Beauty,3,300,900
1295,2022-09-06,Female,22.0,Clothing,4,300,1200
1296,2022-09-04,Female,40.0,Electronics,2,500,1000
1297,2022-04-20,Male,27.0,Beauty,4,300,1200
1298,2022-07-25,Male,61.0,Electronics,2,500,1000
1299,2022-01-31,Female,19.0,Electronics,4,50,200
1300,2022-03-26,Male,30.0,Clothing,4,30,120
1301,2022-07-14,Male,57.0,Beauty,2,300,600
1302,2022-01-02,Male,19.0,Electronics,3,30,90
1303,2022-07-19,Female,37.0,Electronics,2,30,60
1304,2022-05-16,Female,18.0,Beauty,1,30,30
1305,2022-08-21,Male,54.0,Electronics,1,50,50
1306,2022-05-27,Female,26.0,Electronics,2,25,50
1307,2022-08-05,Female,34.0,Beauty,4,300,1200
1308,2022-12-23,Female,26.0,Beauty,2,25,50
1309,2022-10-12,Female,-28.0,Beauty,1,25,25
1310,2022-12-05,Female,32.0,Beauty,5,25,125
1311,2022-09-07,Male,41.0,Clothing,4,30,120
1312,2022-03-21,Female,55.0,Beauty,3,500,1500
1313,2022-04-08,Male,52.0,Clothing,4,30,120
1314,2022-06-01,Male,47.0,Clothing,2,30,60
1315,2022-04-22,Female,48.0,Clothing,2,25,50
1316,2022-01-30,Male,22.0,Electronics,3,30,90
1317,2022-10-24,Male,61.0,Clothing,1,25,25
1318,2022-10-05,Male,31.0,Clothing,1,500,500
1319,2022-02-01,Female,28.0,Electronics,3,300,900
1320,2022-06-10,Female,26.0,Electronics,2,25,50
1321,2022-01-30,Male,,Electronics,1,500,500
1322,2022-01-26,Female,29.0,Beauty,3,300,900
1323,2022-10-27,,52.0,Electronics,3,50,150
1324,2022-09-02,Female,52.0,,2,25,50
1325,2022-09-15,Female,18.0,Clothing,3,25,75
1326,2022-09-29,Male,57.0,Electronics,3,50,150
1327,2022-03-22,Male,39.0,Beauty,2,50,100
1328,2022-01-30,Female,46.0,Electronics,4,25,100
1329,2022-09-18,Female,25.0,Beauty,4,50,200
1330,2022-02-11,Male,28.0,Electronics,2,30,60
1331,2022-04-06,Male,58.0,Electronics,4,300,1200
1332,2022-02-05,Female,54.0,Electronics,3,300,900
1333,2022-11-01,,31.0,Electronics,5,300,1500
1334,2022-02-04,Female,47.0,Beauty,3,30,90
1335,2022-12-12,Female,52.0,Beauty,5,50,250
1336,2022-05-01,Male,38.0,Clothing,1,500,500
1337,2022-07-26,Male,54.0,Beauty,2,50,100
1338,2022-03-03,Female,22.0,Electronics,2,25,50
1339,2022-10-19,Female,36.0,Clothing,4,300,1200
1340,2022-05-07,Male,31.0,Clothing,4,50,200
1341,2022-10-24,Female,43.0,Clothing,4,500,2000
1342,2022-11-01,Male,21.0,Electronics,4,25,100
1343,2022-01-21,Female,42.0,Beauty,1,30,30
1344,2022-11-14,Male,62.0,Electronics,3,30,90
1345,2022-02-11,Male,59.0,Clothing,2,500,1000
1346,2022-08-03,Male,42.0,Electronics,1,25,25
1347,2022-12-03,Female,35.0,Electronics,3,300,900
1348,2022-10-26,Female,57.0,Beauty,1,50,50
1349,2022-10-17,Male,25.0,Beauty,3,25,75
1350,2022-09-25,Female,56.0,Clothing,3,30,90
1351,2022-06-11,Male,57.0,Electronics,2,500,1000
1352,2022-05-14,Male,31.0,Electronics,1,500,500
1353,2022-04-15,Female,49.0,Beauty,4,50,200
1354,2022-12-09,Female,55.0,Electronics,2,500,1000
1355,2022-06-10,Male,50.0,Electronics,3,500,1500
1356,2022-05-03,Female,40.0,Electronics,3,25,75
1357,2022-05-16,Female,32.0,Beauty,1,300,300
1358,2022-07-22,Male,50.0,Clothing,1,50,50
1359,2022-03-09,Male,42.0,Clothing,4,25,100
1360,2022-12-10,Female,34.0,Electronics,5,300,1500
1361,2022-11-27,Male,50.0,Clothing,2,25,50
1362,2022-06-03,Male,64.0,Beauty,1,25,25
1363,2022-08-23,Female,19.0,Beauty,1,500,500
1364,2022-06-11,Male,31.0,Clothing,1,300,300
1365,2022-02-07,Male,57.0,Clothing,2,50,100
1366,2022-01-05,Female,57.0,Electronics,1,50,50
1367,2022-08-23,Female,56.0,Clothing,4,300,1200
1368,2022-11-15,Male,23.0,Electronics,5,500,2500
1369,2022-10-16,Male,23.0,Electronics,2,30,60
1370,2022-02-21,Female,20.0,,1,25,25
1371,2022-02-07,Female,24.0,Beauty,2,500,1000
1372,2022-10-03,Female,25.0,Beauty,2,300,600
1373,2022-04-20,Female,59.0,Beauty,3,25,75
1374,2022-09-17,Male,32.0,Clothing,1,50,50
1375,2022-05-16,Female,64.0,Beauty,1,30,30
1376,2022-03-09,Female,46.0,Clothing,4,50,200
1377,2022-06-28,Male,50.0,Beauty,1,300,300
1378,2022-02-05,Female,47.0,Clothing,1,25,25
1379,2022-05-06,Male,56.0,Electronics,2,300,600
1380,2022-07-09,Female,44.0,Clothing,4,25,100
1381,2022-05-26,Female,53.0,Clothing,2,500,1000
1382,2022-03-22,Female,46.0,Beauty,3,30,90
1383,2022-08-13,Male,55.0,Clothing,1,500,500
1384,2022-10-06,Male,50.0,Electronics,3,500,1500
1385,2022-12-27,Female,54.0,Electronics,3,300,900
1386,2022-06-04,Male,44.0,Beauty,1,30,30
1387,2022-11-10,Male,50.0,Electronics,3,25,75
1388,2022-12-01,Male,21.0,Clothing,3,25,75
1389,2022-09-28,Male,39.0,Electronics,2,50,100
1390,2022-01-05,Male,19.0,Beauty,2,25,50
1391,2022-12-08,Male,27.0,Clothing,4,300,1200
1392,2022-10-11,Female,22.0,Beauty,2,500,1000
1393,2022-06-03,Female,27.0,Clothing,1,500,500
1394,2022-12-06,Male,50.0,Electronics,3,500,1500
1395,2022-02-23,Female,55.0,Beauty,1,30,30
1396,2022-03-10,Female,30.0,Beauty,1,25,25
1397,2022-05-16,Female,48.0,Clothing,2,300,600
1398,2022-03-01,Female,64.0,Beauty,2,30,60
1399,2022-02-24,Male,53.0,Clothing,3,50,150
1400,2022-10-11,Female,62.0,Clothing,1,300,300
1401,2022-03-21,Female,41.0,Clothing,2,300,600
1402,2022-05-20,Male,32.0,Clothing,2,300,600
1403,2022-05-25,Male,46.0,Electronics,2,500,1000
1404,2022-11-06,Female,25.0,Clothing,5,300,1500
1405,2022-04-18,Female,22.0,Beauty,4,25,100
1406,2022-06-25,Female,46.0,Electronics,3,300,900
1407,2022-04-15,Female,64.0,Beauty,1,500,500
1408,2022-12-18,Female,21.0,Electronics,4,300,1200
1409,2022-11-21,Female,29.0,Clothing,4,50,200
1410,2022-05-16,Male,62.0,Electronics,4,50,200
1411,2022-09-16,Female,19.0,Electronics,4,500,2000
1412,2022-09-08,Female,44.0,Beauty,3,25,75
1413,2022-05-09,Male,48.0,Beauty,4,25,100
1414,2022-01-27,Male,53.0,Clothing,2,30,60
1415,2022-02-17,Male,53.0,Electronics,4,500,2000
1416,2022-11-21,Male,43.0,Electronics,5,300,1500
1417,2022-08-05,Female,60.0,Electronics,2,500,1000
1418,2022-05-22,Female,44.0,Clothing,3,30,90
1419,2022-01-23,Female,22.0,Clothing,4,500,2000
1420,2022-01-02,Female,37.0,Clothing,3,500,1500
1421,2022-06-20,Female,28.0,Clothing,3,30,90
1422,2022-03-08,Female,27.0,Clothing,1,25,25
1423,2022-11-23,Male,57.0,Beauty,6,300,1800
1424,2022-05-15,Female,55.0,Electronics,4,30,120
1425,2022-03-24,Male,23.0,Electronics,3,50,150
1426,2022-08-15,Male,25.0,Electronics,1,25,25
1427,2022-10-10,Female,40.0,Electronics,4,50,200
1428,2022-12-28,Male,64.0,Electronics,3,25,75
1429,2022-08-07,Female,43.0,Electronics,3,300,900
1430,2022-10-15,Male,63.0,Electronics,4,300,1200
1431,2022-01-05,Female,60.0,Electronics,2,500,1000
1432,2022-02-27,Male,29.0,Beauty,3,50,150
1433,2022-02-08,Unknown,43.0,Electronics,2,25,50
1434,2022-12-20,Female,30.0,Beauty,4,300,1200
1435,2022-03-18,Female,57.0,Clothing,4,30,120
1436,2022-10-07,Female,35.0,Electronics,4,300,1200
1437,2022-01-19,Female,42.0,Clothing,1,30,30
1438,2022-07-09,Male,50.0,Clothing,3,25,75
1439,2022-10-26,Male,64.0,Clothing,2,300,600
1440,2022-10-10,Male,57.0,Beauty,4,300,1200
1441,2022-03-17,Female,60.0,Clothing,4,25,100
1442,2022-08-09,Male,29.0,Clothing,2,300,600
1443,2022-03-07,Female,61.0,Clothing,3,30,90
1444,2022-01-22,Female,53.0,Electronics,1,300,300
1445,2022-06-07,Male,21.0,Electronics,1,50,50
1446,2022-07-06,Male,22.0,Beauty,4,500,2000
1447,2022-01-21,Female,-54.0,Beauty,2,30,60
1448,2022-07-03,Male,25.0,Electronics,4,50,200
1449,2022-04-18,Female,59.0,Beauty,2,25,50
1450,2022-12-16,Female,45.0,Electronics,3,30,90
1451,2022-05-08,Female,48.0,Clothing,3,500,1500
1452,2022-12-08,Female,26.0,Clothing,4,500,2000
1453,2022-02-22,Female,46.0,Beauty,1,25,25
1454,2022-07-01,Male,31.0,Electronics,4,25,100
1455,2022-10-14,Male,57.0,Electronics,2,30,60
1456,2022-07-28,Female,58.0,Beauty,3,300,900
1457,2022-11-14,Female,39.0,Electronics,5,25,125
1458,2022-03-21,Male,-28.0,Clothing,4,300,1200
1459,2022-05-02,Male,40.0,Beauty,1,50,50
1460,2022-03-25,Female,18.0,Beauty,2,500,1000
1461,2022-04-01,Male,63.0,Electronics,4,300,1200
1462,2022-07-31,Female,54.0,Beauty,3,500,1500
1463,2022-01-13,Male,38.0,Electronics,2,300,600
1464,2022-04-02,Female,43.0,Electronics,3,50,150
1465,2022-06-20,Male,63.0,Electronics,4,25,100
1466,2022-07-30,Female,53.0,Electronics,3,50,150
1467,2022-12-09,Male,40.0,Electronics,3,25,75
1468,2022-05-08,Male,18.0,Beauty,3,25,75
1469,2022-05-17,Female,57.0,Clothing,2,500,1000
1470,2022-03-23,Male,32.0,Clothing,3,50,150
1471,2022-12-26,Female,38.0,Beauty,4,300,1200
1472,2022-02-25,Male,64.0,Beauty,1,50,50
1473,2022-07-15,Female,26.0,Clothing,3,500,1500
1474,2022-01-20,Male,26.0,Clothing,3,25,75
1475,2022-08-29,Female,27.0,Clothing,4,500,2000
1476,2022-04-24,Male,43.0,Clothing,4,30,120
1477,2022-04-13,Female,58.0,Clothing,2,30,60
1478,2022-08-24,Male,52.0,Electronics,4,300,1200
1479,2022-06-29,Female,42.0,Beauty,4,500,2000
1480,2022-06-06,Female,43.0,Electronics,4,300,1200
1481,2022-04-27,Female,28.0,Clothing,4,300,1200
1482,2022-04-25,Male,55.0,Clothing,1,30,30
1483,2025-01-01,Female,19.0,Clothing,4,300,1276
1484,2022-12-04,Male,24.0,,2,30,60
1485,2022-04-09,Female,35.0,Electronics,1,25,25
1486,2022-07-24,Male,44.0,Clothing,4,500,2000
1487,2022-06-18,Female,51.0,Electronics,3,300,900
1488,2022-05-23,Male,44.0,Electronics,1,30,30
1489,2022-02-05,Male,34.0,Clothing,3,50,150
1490,2022-05-23,Female,60.0,Electronics,3,300,900
1491,2022-06-29,Male,61.0,Beauty,4,25,100
1492,2022-11-25,Male,41.0,,4,25,100
1493,2022-09-18,Female,42.0,Beauty,4,50,200
1494,2022-07-24,Male,24.0,Beauty,2,30,60
1495,2022-12-14,Male,23.0,Clothing,3,300,900
1496,2022-10-02,Unknown,41.0,Clothing,4,30,120
1497,2022-06-19,Female,50.0,Clothing,4,25,100
1498,2022-01-15,Male,46.0,Beauty,2,30,60
1499,2022-03-01,Female,60.0,Beauty,4,25,100
1500,2022-05-14,Male,39.0,Electronics,2,30,60
1501,2022-04-02,Male,43.0,Electronics,3,50,150
1502,2022-10-25,Male,45.0,Beauty,4,500,2000
1503,2022-05-16,Female,38.0,Beauty,3,50,150
1504,2022-01-20,Male,24.0,Beauty,1,50,50
1505,2022-02-25,Male,34.0,Beauty,3,500,1500
1506,2022-11-02,Female,37.0,Electronics,5,500,2500
1507,2022-08-11,Male,58.0,Beauty,2,300,600
1508,2022-06-26,Female,37.0,Electronics,3,300,900
1509,2025-01-01,Female,39.0,Beauty,4,50,200
1510,2022-08-12,Male,45.0,Beauty,2,50,100
1511,2022-11-07,Female,57.0,Beauty,2,25,50
1512,2022-09-19,Male,24.0,Electronics,4,25,100
1513,2022-03-01,Female,,Electronics,1,300,300
1514,2022-07-17,Female,49.0,Clothing,3,300,900
1515,2022-10-23,Male,30.0,Beauty,4,25,100
1516,2022-04-08,Female,47.0,Clothing,4,25,100
1517,2022-05-11,Female,-40.0,Clothing,1,30,30
1518,2022-01-23,Female,36.0,Electronics,4,30,120
1519,2022-12-29,Female,49.0,Electronics,6,25,150
1520,2022-08-12,Female,47.0,Clothing,4,30,120
1521,2025-01-01,Male,46.0,Beauty,3,500,1500
1522,2022-09-24,Female,62.0,Electronics,1,300,300
1523,2022-10-03,Male,46.0,Beauty,4,300,1200
1524,2022-12-18,Female,47.0,Beauty,4,25,100
1525,2022-12-10,Male,33.0,Clothing,3,50,150
1526,2022-04-11,Male,57.0,Clothing,2,25,50
1527,2022-07-06,Female,36.0,Clothing,2,30,60
1528,2022-08-09,Female,35.0,Clothing,3,50,150
1529,2022-02-05,Female,18.0,Electronics,3,30,90
1530,2022-12-07,Male,31.0,Electronics,2,500,1000
1531,2022-06-19,Female,64.0,Clothing,4,30,120
1532,2022-11-16,Male,19.0,Electronics,5,500,2500
1533,2022-06-10,Male,45.0,Clothing,2,500,1000
1534,2022-12-06,Male,47.0,Beauty,5,30,150
1535,2022-03-05,Female,55.0,Beauty,4,30,120
1536,2022-06-03,Female,21.0,Beauty,1,500,500
1537,2022-09-17,Male,18.0,Clothing,3,50,150
1538,2022-06-08,Male,25.0,Beauty,1,500,500
1539,2022-12-08,Female,46.0,Electronics,5,300,1500
1540,2022-07-29,Male,56.0,Beauty,1,500,500
1541,2022-06-17,Female,20.0,Beauty,1,50,50
1542,2022-07-26,Male,49.0,Beauty,2,300,600
1543,2022-12-23,Female,27.0,Electronics,3,25,75
1544,2022-06-01,Male,27.0,Clothing,2,25,50
1545,2022-10-11,Female,36.0,Electronics,4,50,200
1546,2022-03-07,Male,63.0,Clothing,4,500,2000
1547,2022-04-09,Female,51.0,,2,30,60
1548,2022-08-04,Female,50.0,Beauty,2,50,100
1549,2022-12-07,Male,40.0,Clothing,4,300,1200
1550,2022-07-14,Male,45.0,Electronics,3,300,900
1551,2022-12-13,Female,49.0,Electronics,4,25,100
1552,2022-03-31,Male,24.0,Clothing,4,300,1200
1553,2025-01-01,Female,-46.0,Beauty,4,50,200
1554,2022-10-19,Male,25.0,Beauty,1,300,300
1555,2022-06-04,Female,18.0,Electronics,1,50,50
1556,2022-07-27,Female,20.0,Beauty,3,30,90
1557,2022-10-08,Female,41.0,Clothing,1,25,25
1558,2022-01-01,Female,40.0,Clothing,4,300,1200
1559,2022-06-05,Female,25.0,Electronics,1,50,50
1560,2022-05-27,Female,64.0,Clothing,4,500,2000
1561,2022-04-18,Male,54.0,Electronics,2,25,50
1562,2022-08-09,Male,20.0,Clothing,2,30,60
1563,2022-10-24,Male,50.0,Electronics,2,50,100
1564,2022-11-07,Female,45.0,Beauty,3,30,90
1565,2022-12-02,Female,64.0,Clothing,3,30,90
1566,2022-06-14,Female,25.0,Clothing,3,300,900
1567,2022-08-27,Female,51.0,Electronics,1,300,300
1568,2022-08-15,Male,52.0,Electronics,4,50,275
1569,2022-08-15,Male,49.0,Clothing,1,500,500
1570,2022-12-12,Female,41.0,Electronics,2,50,100
1571,2022-04-20,Unknown,31.0,Clothing,4,500,2000
1572,2022-09-19,Male,49.0,Beauty,2,30,60
1573,2022-08-31,Female,63.0,Electronics,2,25,50
1574,2022-03-28,Male,60.0,Clothing,2,50,100
1575,2022-12-04,Female,33.0,Beauty,4,50,200
1576,2022-02-13,Male,21.0,Beauty,3,500,1500
1577,2022-05-26,Female,54.0,Clothing,4,30,120
1578,2022-09-21,Female,38.0,Electronics,1,30,30
1579,2022-12-06,Female,31.0,Clothing,4,500,2000
1580,2022-11-21,Female,48.0,Beauty,4,30,120
1581,2022-11-14,Male,35.0,Clothing,5,300,1500
1582,2022-06-21,Female,24.0,Electronics,4,25,100
1583,2022-02-17,Female,27.0,Beauty,3,50,150
1584,2022-05-01,Female,24.0,Clothing,1,25,25
1585,2022-12-11,Male,50.0,Electronics,3,50,150
1586,2022-06-08,Female,40.0,Beauty,4,300,1200
1587,2022-04-26,Male,38.0,Electronics,2,30,60
1588,2022-04-12,Female,36.0,Beauty,2,500,1000
1589,2022-03-17,Male,36.0,Clothing,3,300,900
1590,2022-01-13,Male,53.0,Electronics,4,25,100
1591,2022-01-24,Female,46.0,Beauty,4,500,2000
1592,2022-05-06,Male,35.0,Electronics,2,30,60
1593,2022-09-01,Female,19.0,Electronics,2,300,600
1594,2022-11-09,Female,18.0,Clothing,6,500,3000
1595,2022-02-07,Female,64.0,Electronics,1,300,300
1596,2022-08-22,Male,-22.0,Beauty,4,300,1200
1597,2022-08-01,Male,37.0,Beauty,4,30,120
1598,2022-11-19,Female,28.0,Beauty,3,50,150
1599,2022-10-22,Female,59.0,Beauty,2,500,1000
1600,2022-04-10,Male,19.0,Clothing,1,30,30
1601,2022-12-23,Female,20.0,Electronics,3,300,900
1602,2025-01-01,Female,40.0,Clothing,3,30,90
1603,2022-09-11,Female,29.0,Electronics,4,50,200
1604,2022-07-24,Male,37.0,Electronics,2,500,1000
1605,2022-05-05,Male,22.0,Electronics,1,50,50
1606,2022-03-17,Male,54.0,Clothing,3,25,75
1607,2022-12-02,Female,55.0,Electronics,5,500,2500
1608,2022-12-19,Unknown,47.0,Clothing,4,50,200
1609,2022-01-03,Female,26.0,Beauty,2,300,600
1610,2022-02-24,Male,51.0,Beauty,2,500,1000
1611,2022-08-06,Female,61.0,Electronics,1,500,500
1612,2022-04-23,Female,52.0,Clothing,3,30,90
1613,2022-04-01,Female,39.0,Beauty,4,300,1200
1614,2022-12-23,Female,61.0,Clothing,5,25,125
1615,2022-09-23,Male,41.0,Clothing,2,50,100
1616,2022-08-26,Male,34.0,Electronics,1,30,30
1617,2022-01-26,Female,27.0,Beauty,1,50,50
1618,2022-10-13,Male,47.0,Electronics,4,25,100
1619,2022-05-08,Male,63.0,Electronics,3,25,75
1620,2022-03-04,Female,40.0,Beauty,2,500,1000
1621,2022-08-22,Female,49.0,Beauty,3,25,75
1622,2022-03-10,Male,34.0,Clothing,3,50,150
1623,2022-08-26,Female,34.0,Beauty,3,300,900
1624,2022-12-08,Male,31.0,Clothing,2,300,600
1625,2022-09-29,Female,26.0,Clothing,4,500,2000
1626,2022-10-14,Male,57.0,Clothing,1,50,50
1627,2022-11-01,Female,19.0,Beauty,5,50,250
1628,2022-06-12,Male,62.0,Electronics,2,25,50
1629,2022-08-15,Male,42.0,Clothing,2,50,100
1630,2022-11-10,Male,56.0,Electronics,5,30,150
1631,2022-09-16,Female,26.0,Electronics,4,25,100
1632,2022-08-07,Male,39.0,Beauty,4,30,120
1633,2022-10-08,Male,60.0,Electronics,4,500,2000
1634,2022-08-17,Female,63.0,Electronics,3,300,900
1635,2022-03-23,Female,21.0,Beauty,3,500,1500
1636,2022-09-01,Male,43.0,Clothing,2,300,600
1637,2022-08-19,Male,46.0,Electronics,1,500,500
1638,2022-05-13,Female,62.0,Beauty,4,50,200
1639,2022-05-07,Female,51.0,Electronics,4,30,120
1640,2022-11-23,Female,40.0,Electronics,3,300,900
1641,2022-05-22,Female,54.0,Clothing,4,25,100
1642,2022-09-24,Female,28.0,Electronics,3,30,90
1643,2022-09-06,Male,23.0,Beauty,3,25,75
1644,2022-11-17,Female,35.0,Electronics,6,30,180
1645,2022-05-03,Male,38.0,Clothing,3,30,138
1646,2022-05-21,,59.0,Clothing,3,500,1500
1647,2022-08-14,Male,53.0,Beauty,4,300,1200
1648,2022-02-09,Female,58.0,Clothing,2,300,600
1649,2023-01-01,Male,55.0,Electronics,1,30,30
1650,2022-05-27,Male,51.0,Clothing,3,50,150
1651,2022-05-01,Female,34.0,Beauty,2,50,100
1652,2022-05-20,Male,54.0,Clothing,3,25,75
1653,2022-06-21,Male,42.0,Clothing,3,25,75
1654,2022-06-13,Female,55.0,Clothing,1,500,500
1655,2025-01-01,Male,-29.0,Beauty,3,30,90
1656,2022-02-11,Male,40.0,Clothing,1,25,25
1657,2022-03-12,Male,59.0,Clothing,1,25,25
1658,2022-03-19,Female,39.0,Electronics,1,30,30
1659,2022-04-29,Female,38.0,Beauty,2,500,1000
1660,2022-07-16,Female,44.0,Clothing,4,25,100
1661,2022-12-22,Male,48.0,Beauty,3,500,1500
1662,2022-03-20,Male,23.0,Clothing,4,300,1200
1663,2022-12-28,Female,44.0,Clothing,6,500,3000
1664,2022-04-20,Male,57.0,Clothing,1,50,50
1665,2022-02-02,Male,51.0,Electronics,2,50,100
1666,2022-08-01,Female,29.0,Electronics,1,500,500
1667,2022-07-28,Female,62.0,Electronics,3,50,150
1668,2022-06-19,Male,24.0,Beauty,4,300,1200
1669,2022-10-05,Male,27.0,Beauty,1,30,30
1670,2022-08-27,Male,62.0,Electronics,3,50,150
1671,2022-08-01,Female,34.0,Beauty,2,50,100
1672,2022-02-01,Female,43.0,Clothing,2,500,1000
1673,2022-04-16,Female,38.0,Clothing,1,300,300
1674,2022-08-04,Female,45.0,Clothing,2,30,60
1675,2022-07-19,Male,63.0,Electronics,3,500,1500
1676,2022-10-27,Female,19.0,Beauty,3,500,1500
1677,2022-12-23,Female,60.0,Electronics,4,300,1200
1678,2022-01-11,Female,18.0,Beauty,3,30,90
1679,2022-10-22,Female,53.0,Clothing,3,300,900
1680,2022-07-14,Female,43.0,Electronics,2,30,60
1681,2022-09-02,Male,46.0,Beauty,4,300,1200
1682,2022-01-04,Male,38.0,Beauty,2,500,1000
1683,2022-06-30,Female,28.0,Clothing,2,500,1000
1684,2022-06-02,Male,57.0,Electronics,2,25,50
1685,2022-07-19,Female,28.0,Electronics,4,50,200
1686,2022-08-03,Female,53.0,Electronics,1,300,300
1687,2022-10-03,Male,56.0,Clothing,4,25,100
1688,2022-10-07,Male,57.0,Electronics,2,50,100
1689,2022-11-05,Female,52.0,Clothing,4,300,1200
1690,2022-04-23,Female,51.0,Clothing,3,30,90
1691,2022-09-07,Female,64.0,Clothing,2,50,100
1692,2022-04-23,Male,41.0,Beauty,3,500,1500
1693,2022-05-20,Female,39.0,Electronics,2,25,50
1694,2022-08-12,Female,22.0,Electronics,3,50,150
1695,2022-09-06,Female,50.0,Clothing,4,50,200
1696,2022-01-15,Male,53.0,Clothing,1,500,500
1697,2022-07-19,Female,64.0,Electronics,1,300,300
1698,2022-06-22,Female,37.0,Clothing,4,30,120
1699,2022-12-09,Male,36.0,Electronics,6,500,3000
1700,2022-12-14,Female,52.0,Beauty,3,30,90
1701,2022-07-27,Female,60.0,Clothing,2,300,600
1702,2022-03-26,Male,34.0,Electronics,2,50,100
1703,2022-08-28,Female,62.0,Clothing,3,30,90
1704,2022-03-07,Male,60.0,Electronics,2,25,50
1705,2022-11-15,Male,51.0,Electronics,6,25,150
1706,2022-10-01,Female,26.0,Clothing,1,500,500
1707,2022-01-14,Female,43.0,Beauty,3,300,900
1708,2022-07-21,Female,19.0,Electronics,2,500,1000
1709,2022-10-31,Female,,Electronics,3,500,1500
1710,2022-10-16,Male,26.0,Electronics,3,500,1500
1711,2022-12-06,Female,57.0,Beauty,4,25,100
1712,2022-01-14,Male,34.0,Beauty,3,25,168
1713,2022-02-12,Female,18.0,Clothing,1,500,500
1714,2022-11-26,Female,42.0,Beauty,5,25,125
1715,2022-08-08,Female,60.0,Clothing,4,300,1200
1716,2022-03-11,Male,57.0,Clothing,1,500,500
1717,2022-08-25,Female,59.0,Beauty,3,25,75
1718,2022-04-04,Female,42.0,Clothing,2,30,60
1719,2022-01-26,Female,56.0,Beauty,3,500,1500
1720,2022-05-14,Female,52.0,Clothing,1,500,500
1721,2022-07-14,Male,20.0,Beauty,3,300,900
1722,2022-06-17,Female,54.0,Beauty,4,50,200
1723,2022-04-19,Male,61.0,Clothing,3,50,150
1724,2022-08-21,Male,61.0,Electronics,1,300,300
1725,2022-06-17,Male,47.0,Clothing,4,300,1200
1726,2022-06-22,Male,55.0,Beauty,3,300,900
1727,2022-07-14,Male,51.0,Electronics,3,50,150
1728,2022-05-23,Male,29.0,Clothing,4,300,1200
1729,2022-08-04,Female,36.0,Clothing,2,25,50
1730,2022-05-10,Male,54.0,Clothing,4,500,2000
1731,2022-02-11,,61.0,Electronics,2,500,1000
1732,2022-08-29,Male,34.0,Beauty,1,30,30
1733,2022-01-10,Female,27.0,Clothing,1,30,30
1734,2022-10-04,Female,64.0,Clothing,4,500,2000
1735,2022-01-27,Male,29.0,Clothing,4,25,100
1736,2022-06-29,Female,33.0,Clothing,1,50,50
1737,2022-04-25,Male,41.0,Clothing,2,50,100
1738,2022-11-29,Male,36.0,Beauty,2,25,50
1739,2022-02-05,Female,25.0,Beauty,3,50,150
1740,2022-11-30,Male,48.0,Clothing,3,300,900
1741,2022-01-21,Female,38.0,Electronics,4,500,2000
1742,2022-01-16,Female,34.0,Beauty,4,500,2000
1743,2022-05-07,Male,40.0,Electronics,1,25,25
1744,2022-04-13,Male,54.0,Beauty,2,50,100
1745,2022-01-11,Female,33.0,Clothing,3,30,90
1746,2022-11-15,Male,23.0,Beauty,3,30,90
1747,2022-03-20,Male,25.0,Clothing,3,50,150
1748,2022-05-03,Male,42.0,Beauty,1,30,30
1749,2022-03-06,Female,35.0,Clothing,3,25,75
1750,2022-08-31,Female,42.0,Clothing,2,25,50
1751,2022-12-09,Male,,Clothing,4,50,200
1752,2022-02-28,Female,32.0,Clothing,1,30,30
1753,2022-10-16,Female,43.0,Electronics,4,25,100
1754,2022-04-22,Female,58.0,Clothing,3,25,75
1755,2022-08-27,Female,62.0,Electronics,4,300,1200
1756,2022-12-25,Female,43.0,Electronics,5,300,1500
1757,2022-05-12,Male,64.0,Clothing,4,25,100
1758,2022-07-08,Male,49.0,Electronics,2,50,100
1759,2022-03-27,Male,27.0,Beauty,1,500,500
1760,2022-11-07,Female,33.0,Clothing,3,500,1500
1761,2022-11-07,Female,24.0,Electronics,4,25,100
1762,2022-02-28,Male,34.0,Clothing,2,25,50
1763,2022-03-25,Female,40.0,Clothing,1,25,25
1764,2022-06-09,Male,43.0,Clothing,4,50,200
1765,2022-02-25,Male,38.0,Electronics,2,300,600
1766,2022-10-24,Male,39.0,Beauty,3,25,75
1767,2022-01-14,Female,24.0,Beauty,3,25,75
1768,2022-06-09,Female,31.0,Electronics,4,30,120
1769,2022-10-22,Male,32.0,Clothing,1,50,141
1770,2022-12-13,Male,24.0,Electronics,4,25,100
1771,2022-07-12,Male,26.0,,1,30,30
1772,2022-07-23,Male,25.0,Electronics,4,500,2000
1773,2022-04-12,Female,40.0,Clothing,2,25,50
1774,2022-02-08,Female,46.0,Electronics,3,25,75
1775,2022-10-31,Male,35.0,Clothing,3,30,90
1776,2022-12-20,Male,48.0,Electronics,4,50,200
1777,2022-11-18,Female,47.0,Beauty,5,25,125
1778,2022-05-05,Female,56.0,Electronics,2,500,1000
1779,2022-02-22,Male,52.0,Electronics,1,25,25
1780,2022-12-23,Male,35.0,Beauty,3,500,1500
1781,2022-06-04,Male,59.0,Clothing,3,300,900
1782,2022-12-17,Female,56.0,Clothing,2,300,600
1783,2022-11-04,Female,34.0,Electronics,3,500,1500
1784,2022-03-03,Female,31.0,Beauty,4,50,200
1785,2022-10-17,Male,48.0,Clothing,4,25,100
1786,2022-01-22,Male,41.0,Electronics,1,25,25
1787,2022-06-27,Female,52.0,Beauty,3,300,900
1788,2022-09-30,Female,61.0,Clothing,4,500,2000
1789,2022-08-08,Male,62.0,Clothing,1,25,25
1790,2022-12-05,Female,51.0,Beauty,3,25,75
1791,2022-07-09,Female,20.0,Beauty,1,50,50
1792,2022-02-05,Male,54.0,Beauty,1,30,30
1793,2022-09-17,Female,60.0,Beauty,1,300,300
1794,2022-11-28,Male,57.0,Electronics,3,300,900
1795,2022-06-24,Male,43.0,Beauty,4,30,120
1796,2022-01-07,Male,40.0,Clothing,3,25,75
1797,2022-08-04,Male,-61.0,Clothing,1,50,50
1798,2022-09-08,Male,56.0,Electronics,2,50,100
1799,2022-02-24,Male,32.0,Clothing,4,300,1200
1800,2022-08-10,Male,21.0,Clothing,4,50,200
1801,2022-07-05,Female,46.0,Beauty,1,30,30
1802,2022-11-22,Male,39.0,Clothing,5,25,125
1803,2022-08-24,Male,42.0,Electronics,1,30,30
1804,2022-12-29,Female,30.0,Beauty,4,500,2000
1805,2022-03-20,Female,35.0,Beauty,3,300,900
1806,2022-08-11,Female,50.0,Electronics,4,50,200
1807,2022-04-01,Male,33.0,Beauty,4,500,2000
1808,2022-09-25,Female,62.0,Beauty,2,50,100
1809,2022-11-30,Male,59.0,Electronics,5,25,125
1810,2022-05-19,Male,61.0,Beauty,2,25,50
1811,2022-11-12,Male,19.0,Electronics,4,25,100
1812,2022-10-03,Male,52.0,Electronics,3,50,150
1813,2022-09-05,Female,59.0,Clothing,1,500,500
1814,2022-08-27,Female,51.0,Clothing,3,25,75
1815,2022-08-12,Male,47.0,Beauty,2,500,1000
1816,2022-10-31,Male,30.0,Beauty,4,50,200
1817,2022-05-18,Male,30.0,Electronics,1,500,500
1818,2022-06-15,Female,35.0,Beauty,2,50,100
1819,2022-05-06,Male,49.0,Electronics,4,50,200
1820,2022-02-14,Male,49.0,Electronics,1,300,300
1821,2022-05-23,Female,52.0,Beauty,3,50,150
1822,2022-08-19,Female,56.0,Electronics,2,50,100
1823,2022-05-05,Male,63.0,Clothing,4,30,120
1824,2022-08-26,Female,46.0,Beauty,1,25,25
1825,2022-10-19,Female,46.0,Clothing,1,300,300
1826,2022-11-09,Male,,Beauty,4,300,1200
1827,2022-12-09,Female,33.0,Electronics,5,300,1500
1828,2022-07-14,Male,61.0,Beauty,3,30,90
1829,2022-06-22,Female,,Clothing,3,50,150
1830,2022-01-15,Male,27.0,Electronics,4,25,100
1831,2022-09-11,Male,47.0,Beauty,4,500,2000
1832,2022-06-16,Male,42.0,Beauty,4,50,200
1833,2022-04-04,Female,56.0,Beauty,2,30,60
1834,2022-09-07,Male,37.0,Clothing,4,50,200
1835,2022-04-19,Female,22.0,,1,50,50
1836,2022-07-01,Male,18.0,Beauty,3,30,90
1837,2022-05-13,Male,47.0,Electronics,2,300,600
1838,2022-06-24,Female,20.0,Electronics,4,300,1200
1839,2022-05-24,Male,62.0,Clothing,2,25,50
1840,2022-11-02,Male,31.0,Electronics,5,25,125
1841,2022-12-26,Female,47.0,Clothing,3,300,900
1842,2022-05-22,Male,21.0,Beauty,3,500,1500
1843,2022-10-12,Male,35.0,Clothing,3,50,150
1844,2022-01-06,Male,54.0,Clothing,1,500,500
1845,2022-09-22,Male,-42.0,Beauty,1,50,50
1846,2022-04-08,Female,18.0,Electronics,4,300,1200
1847,2022-02-13,Female,63.0,Clothing,2,25,50
1848,2022-05-04,Male,32.0,Clothing,2,25,50
1849,2022-07-28,Female,26.0,Beauty,2,500,1000
1850,2022-09-08,Male,32.0,Electronics,2,25,50
1851,2022-10-12,Female,41.0,Clothing,1,300,300
1852,2022-05-04,,21.0,Beauty,2,500,1000
1853,2022-12-20,Male,29.0,Clothing,2,50,100
1854,2022-09-01,Male,54.0,Beauty,1,25,25
1855,2022-11-27,Male,54.0,Electronics,6,30,180
1856,2022-12-31,Male,60.0,Electronics,3,25,75
1857,2022-09-09,Male,23.0,Electronics,2,50,100
1858,2022-08-18,Female,56.0,Electronics,3,500,1500
1859,2022-01-09,Male,63.0,Clothing,4,50,200
1860,2022-02-17,,41.0,Clothing,3,30,90
1861,2022-05-31,Male,28.0,Electronics,4,300,1200
1862,2022-04-24,Female,30.0,Electronics,2,25,50
1863,2022-07-27,Female,51.0,Electronics,1,500,500
1864,2022-12-21,Female,42.0,Clothing,3,300,900
1865,2022-05-05,Male,24.0,Electronics,1,50,50
1866,2022-06-06,Male,21.0,Electronics,1,500,500
1867,2022-12-06,Female,,Electronics,2,300,600
1868,2022-10-25,Male,37.0,Beauty,3,500,1500
1869,2022-07-08,Female,46.0,Electronics,4,30,120
1870,2022-08-31,Male,62.0,Beauty,2,30,60
1871,2022-10-11,Female,63.0,Beauty,3,25,75
1872,2022-09-29,Female,27.0,Electronics,4,25,100
1873,2022-06-26,Male,60.0,Beauty,1,30,30
1874,2022-08-06,Female,51.0,Electronics,4,500,2000
1875,2022-10-09,Male,43.0,Clothing,4,30,120
1876,2022-06-19,Female,58.0,Clothing,1,25,25
1877,2022-06-30,Female,20.0,Clothing,1,30,30
1878,2022-12-26,Male,23.0,Clothing,2,30,60
1879,2022-08-21,Male,22.0,Beauty,2,500,1000
1880,2022-05-19,Male,22.0,Electronics,1,300,300
1881,2022-06-06,Female,64.0,Electronics,2,25,50
1882,2022-05-09,Male,40.0,Electronics,1,500,500
1883,2022-04-29,Female,26.0,Clothing,2,30,60
1884,2022-03-03,Female,52.0,Clothing,4,30,120
1885,2022-04-09,Male,37.0,Electronics,3,300,900
1886,2022-06-11,Male,59.0,Clothing,4,25,100
1887,2022-03-03,Female,52.0,Electronics,4,25,100
1888,2025-01-01,Female,-35.0,Electronics,1,50,50
1889,2022-12-20,Male,34.0,Electronics,4,25,100
1890,2022-04-05,Male,41.0,Electronics,3,300,900
1891,2022-04-09,Male,20.0,Electronics,1,50,50
1892,2022-04-21,Male,49.0,Electronics,1,50,50
1893,2022-09-05,Male,52.0,Electronics,1,30,40
1894,2022-05-22,Female,55.0,Clothing,4,30,120
1895,2022-10-29,Female,30.0,Electronics,2,25,50
1896,2022-09-26,Female,64.0,Electronics,2,50,100
1897,2022-11-02,Female,42.0,Clothing,5,30,150
1898,2022-05-25,Male,26.0,Clothing,2,300,600
1899,2022-02-21,Male,21.0,Clothing,1,30,30
1900,2022-04-10,Male,31.0,Electronics,1,30,30
1901,2022-06-01,Female,54.0,Beauty,1,50,50
1902,2022-04-27,Female,51.0,Beauty,4,50,200
1903,2022-07-04,Male,28.0,Clothing,1,500,500
1904,2022-04-02,Male,58.0,Beauty,1,300,300
1905,2022-06-04,Female,20.0,Clothing,1,50,50
1906,2022-01-08,Female,45.0,Electronics,1,25,25
1907,2022-12-29,Male,46.0,Beauty,6,300,1800
1908,2022-10-01,Male,26.0,Electronics,1,300,300
1909,2022-03-06,Female,20.0,Beauty,3,50,150
1910,2022-05-21,Male,42.0,Electronics,3,300,900
1911,2022-01-24,Male,51.0,Beauty,3,50,150
1912,2022-01-28,Male,29.0,Electronics,3,30,90
1913,2022-10-11,Female,59.0,Electronics,1,500,500
1914,2022-05-30,Female,26.0,Beauty,3,30,90
1915,2022-12-24,Female,32.0,Electronics,2,50,100
1916,2022-03-06,Female,57.0,Electronics,4,50,200
1917,2022-11-23,Female,42.0,Electronics,4,30,120
1918,2022-09-09,Female,22.0,Beauty,2,25,50
1919,2022-02-22,Female,28.0,Beauty,2,25,50
1920,2022-01-07,Male,51.0,Electronics,3,25,75
1921,2022-10-21,Male,41.0,Electronics,1,50,50
1922,2022-05-26,Male,32.0,Beauty,3,300,900
1923,2022-08-29,Male,55.0,Beauty,2,50,100
1924,2022-09-03,Male,25.0,Electronics,1,300,300
1925,2022-08-14,Male,22.0,Electronics,1,30,30
1926,2022-06-24,Male,43.0,Electronics,4,500,2000
1927,2022-04-05,Female,35.0,Clothing,4,300,1200
1928,2022-01-27,Female,23.0,Beauty,3,25,75
1929,2022-05-10,Male,54.0,Clothing,4,50,200
1930,2022-09-02,Male,30.0,Beauty,4,30,120
1931,2022-02-28,Female,45.0,Beauty,3,25,75
1932,2022-02-03,Male,22.0,Beauty,1,30,30
1933,2022-07-25,Male,30.0,Beauty,1,500,500
1934,2022-09-09,Female,34.0,Beauty,1,50,50
1935,2022-02-07,Male,57.0,Beauty,4,50,200
1936,2022-10-23,Female,62.0,Beauty,1,500,500
1937,2022-11-19,Male,49.0,Clothing,6,50,300
1938,2022-12-18,Female,46.0,Electronics,2,300,600
1939,2022-01-28,Female,20.0,Electronics,1,30,30
1940,2022-03-19,Female,57.0,Clothing,2,25,50
1941,2022-03-18,Male,51.0,Clothing,3,500,1500
1942,2022-10-16,Female,57.0,Clothing,4,300,1200
1943,2022-06-05,Male,44.0,Clothing,2,25,50
1944,2022-02-13,Male,30.0,Beauty,1,25,25
1945,2022-05-08,Male,62.0,Electronics,4,500,2000
1946,2022-03-02,Male,50.0,Beauty,1,300,300
1947,2022-10-13,Female,23.0,Electronics,3,25,75
1948,2022-08-02,Female,41.0,Electronics,2,25,50
1949,2022-11-07,Male,36.0,Clothing,4,300,1200
1950,2022-11-02,Male,33.0,Beauty,4,50,200
1951,2022-11-13,Female,57.0,Clothing,3,25,75
1952,2022-04-26,Male,45.0,Beauty,3,30,90
1953,2022-09-25,Female,50.0,Electronics,3,300,900
1954,2022-07-14,Male,58.0,Clothing,1,25,25
1955,2022-08-19,Male,30.0,Clothing,3,500,1500
1956,2022-08-15,Female,60.0,Electronics,4,30,120
1957,2022-06-02,Male,62.0,Electronics,2,25,50
1958,2022-10-29,Female,42.0,Electronics,2,30,60
1959,2022-08-08,Male,59.0,Clothing,2,30,60
1960,2022-06-06,Male,53.0,Beauty,4,50,200
1961,2022-10-19,Male,44.0,Clothing,2,30,60
1962,2022-11-14,Female,55.0,Beauty,3,50,150
1963,2022-01-31,Unknown,24.0,Clothing,3,300,900
1964,2022-11-09,Male,22.0,Clothing,6,50,300
1965,2022-02-20,Male,60.0,Electronics,1,500,500
1966,2022-04-17,Male,62.0,Beauty,1,25,25
1967,2022-11-17,Female,48.0,Clothing,4,300,1200
1968,2022-04-19,Female,40.0,Clothing,3,300,900
1969,2022-05-16,Male,59.0,Electronics,4,500,2000
1970,2022-12-05,Female,27.0,Electronics,5,50,250
1971,2022-02-11,Male,,Beauty,3,25,75
1972,2022-03-22,Male,60.0,Clothing,1,50,50
1973,2022-05-03,Male,47.0,Beauty,1,30,30
1974,2022-03-30,Female,56.0,Clothing,4,50,200
1975,2022-10-10,Female,48.0,Beauty,2,300,600
1976,2022-02-08,Female,35.0,Electronics,2,25,50
1977,2022-03-22,Female,53.0,Clothing,3,50,150
1978,2022-01-02,Female,19.0,Beauty,1,25,25
1979,2022-07-29,Female,31.0,Electronics,3,25,75
1980,2025-01-01,Female,30.0,Electronics,2,30,60
1981,2022-12-19,Female,46.0,Beauty,5,30,150
1982,2022-11-01,Female,29.0,Clothing,2,300,600
1983,2022-08-29,Male,56.0,Clothing,1,500,500
1984,2022-05-30,Female,19.0,Electronics,2,25,50
1985,2022-01-17,Female,49.0,Clothing,2,500,1000
1986,2022-04-29,Female,30.0,Clothing,3,300,900
1987,2022-05-28,Female,63.0,Clothing,3,25,75
1988,2022-12-28,Female,44.0,Electronics,2,25,50
1989,2022-05-25,Female,58.0,Beauty,2,500,1000
1990,2022-12-26,Female,34.0,Clothing,4,50,200
1991,2022-08-21,Female,57.0,Electronics,2,30,60
1992,2022-02-06,Female,48.0,Electronics,2,50,100
1993,2022-12-18,Female,51.0,Beauty,3,500,1500
1994,2022-04-30,Female,41.0,Clothing,1,30,30
1995,2022-05-16,Male,62.0,Clothing,1,50,50
1996,2022-11-17,Male,52.0,Beauty,5,30,150
1997,2022-10-29,Female,23.0,Beauty,4,25,100
1998,2022-12-05,Female,36.0,Electronics,4,50,200
1999,2022-04-12,Male,47.0,Electronics,4,30,120
